time;AirTemperatureWs;AirTemperatureEE;GlobalRadianceWs;
0.0;24.1;27.14;890.0;
300.0;24.1;27.61;862.6;
600.0;24.0;27.01;875.6;
900.0;23.9;26.47;884.4;
1200.0;23.9;27.25;859.2;
1500.0;24.5;27.34;898.7;
1800.0;24.0;27.07;863.8;
2100.0;24.8;26.88;888.2;
2400.0;24.6;27.05;875.4;
2700.0;24.6;27.37;699.2;
3000.0;24.5;26.72;789.0;
3300.0;24.3;26.2;879.6;
3600.0;24.2;27.21;782.6;
3900.0;24.5;27.02;835.6;
4200.0;25.3;27.28;895.1;
4500.0;24.9;27.52;884.0;
4800.0;25.3;28.19;899.6;
5100.0;26.0;27.69;911.4;
5400.0;26.0;28.28;904.4;
5700.0;25.7;28.67;837.5;
6000.0;25.3;28.46;838.4;
6300.0;25.5;27.09;792.7;
6600.0;25.2;27.2;747.9;
6900.0;25.6;27.17;410.3;
7200.0;25.0;26.7;439.2;
7500.0;25.2;26.63;733.4;
7800.0;25.4;27.17;786.7;
8100.0;25.2;27.34;823.3;
8400.0;25.3;28.05;439.0;
8700.0;25.8;27.88;672.2;
9000.0;25.2;27.22;485.5;
9300.0;25.6;27.68;690.0;
9600.0;25.3;27.27;683.5;
9900.0;25.1;27.55;756.0;
10200.0;25.5;27.11;624.3;
10500.0;25.7;26.93;739.9;
10800.0;25.9;27.09;741.7;
11100.0;25.8;28.13;719.8;
11400.0;26.4;28.53;710.3;
11700.0;26.3;28.38;319.3;
12000.0;26.1;28.39;405.5;
12300.0;25.7;27.54;361.7;
12600.0;25.6;26.83;564.0;
12900.0;25.5;27.27;590.8;
13200.0;25.9;28.2;358.9;
13500.0;25.8;27.81;449.1;
13800.0;26.3;27.94;536.1;
14100.0;25.6;27.9;380.0;
14400.0;26.3;28.33;509.9;
14700.0;25.6;27.77;435.1;
15000.0;26.3;27.71;432.7;
15300.0;26.2;28.02;405.4;
15600.0;25.9;27.6;412.1;
15900.0;25.7;27.67;276.4;
16200.0;25.7;27.42;438.8;
16500.0;26.3;27.87;437.8;
16800.0;26.3;27.88;413.0;
17100.0;25.7;27.04;305.1;
17400.0;25.3;26.77;369.4;
17700.0;26.0;26.93;350.6;
18000.0;25.7;27.43;209.1;
18300.0;25.5;27.06;184.2;
18600.0;25.4;26.97;201.6;
18900.0;25.4;26.52;154.4;
19200.0;25.5;26.23;215.7;
19500.0;25.5;26.33;165.8;
19800.0;25.3;26.25;123.2;
20100.0;25.3;26.14;156.6;
20400.0;25.2;26.22;136.2;
20700.0;25.4;26.41;139.6;
21000.0;25.2;26.07;113.9;
21300.0;25.2;25.84;100.2;
21600.0;25.3;25.98;103.5;
21900.0;25.3;26.0;91.3;
22200.0;25.2;25.86;80.2;
22500.0;25.0;25.61;66.2;
22800.0;25.0;25.52;54.4;
23100.0;25.0;25.45;48.0;
23400.0;24.8;25.2;41.0;
23700.0;24.8;25.06;32.2;
24000.0;24.7;24.95;26.5;
24300.0;24.7;24.88;23.0;
24600.0;24.6;24.79;19.3;
24900.0;24.6;24.75;12.9;
25200.0;24.6;24.72;8.6;
25500.0;24.6;24.65;6.4;
25800.0;24.6;24.57;3.5;
26100.0;24.6;24.6;2.4;
26400.0;24.5;24.57;1.6;
26700.0;24.5;24.44;1.4;
27000.0;24.4;24.36;0.0;
27300.0;24.3;24.29;0.0;
27600.0;24.0;24.13;0.0;
27900.0;23.7;23.89;0.0;
28200.0;23.5;23.75;0.0;
28500.0;23.7;23.79;0.0;
28800.0;23.7;23.78;0.0;
29100.0;23.5;23.73;0.0;
29400.0;23.5;23.59;0.0;
29700.0;23.5;23.53;0.4;
30000.0;23.4;23.46;0.0;
30300.0;23.5;23.41;0.5;
30600.0;23.4;23.34;1.0;
30900.0;23.2;23.31;0.0;
31200.0;23.2;23.28;0.0;
31500.0;23.1;23.2;0.0;
31800.0;23.1;23.14;0.0;
32100.0;23.1;23.1;0.0;
32400.0;23.1;23.06;0.0;
32700.0;23.1;22.98;0.0;
33000.0;22.9;22.88;0.0;
33300.0;22.7;22.72;0.0;
33600.0;22.5;22.45;0.0;
33900.0;22.3;22.33;0.0;
34200.0;22.2;22.24;0.0;
34500.0;22.2;22.17;0.0;
34800.0;22.1;22.15;0.0;
35100.0;22.0;22.2;0.0;
35400.0;22.1;22.13;0.0;
35700.0;22.1;22.06;0.1;
36000.0;22.0;22.07;0.5;
36300.0;22.0;21.98;0.0;
36600.0;22.1;21.92;1.6;
36900.0;22.0;21.91;0.0;
37200.0;21.9;21.81;0.0;
37500.0;21.8;21.72;0.4;
37800.0;21.8;21.71;0.4;
38100.0;21.7;21.63;0.0;
38400.0;21.8;21.54;0.0;
38700.0;21.7;21.44;0.0;
39000.0;21.6;21.44;0.2;
39300.0;21.5;21.33;0.2;
39600.0;21.6;21.3;0.7;
39900.0;21.5;21.28;0.0;
40200.0;21.4;21.24;0.3;
40500.0;21.4;21.28;0.8;
40800.0;21.4;21.22;0.6;
41100.0;21.4;21.24;0.0;
41400.0;21.2;21.16;0.0;
41700.0;21.3;21.19;0.0;
42000.0;21.2;21.21;0.0;
42300.0;21.2;21.22;0.0;
42600.0;21.2;21.11;0.0;
42900.0;21.1;21.07;0.3;
43200.0;21.0;21.03;0.3;
43500.0;21.1;21.06;0.0;
43800.0;21.1;21.03;0.0;
44100.0;21.1;20.91;0.4;
44400.0;20.9;20.81;0.4;
44700.0;20.9;20.75;1.1;
45000.0;20.9;20.77;1.0;
45300.0;20.8;20.74;0.1;
45600.0;20.7;20.68;0.0;
45900.0;20.7;20.63;0.0;
46200.0;20.6;20.61;0.0;
46500.0;20.6;20.61;0.0;
46800.0;20.6;20.54;0.0;
47100.0;20.6;20.52;0.0;
47400.0;20.6;20.46;0.3;
47700.0;20.5;20.4;0.7;
48000.0;20.4;20.39;0.3;
48300.0;20.3;20.27;0.0;
48600.0;20.2;20.23;0.0;
48900.0;20.2;20.23;0.1;
49200.0;20.1;20.17;0.3;
49500.0;20.0;20.09;0.1;
49800.0;20.0;20.1;0.0;
50100.0;20.0;20.09;0.0;
50400.0;20.0;20.09;0.0;
50700.0;20.0;19.98;0.0;
51000.0;20.0;19.96;0.3;
51300.0;20.0;19.97;0.0;
51600.0;19.9;19.97;0.1;
51900.0;19.9;19.98;0.0;
52200.0;19.9;20.0;0.4;
52500.0;19.9;19.94;0.0;
52800.0;19.9;19.96;0.0;
53100.0;19.9;19.85;0.0;
53400.0;19.9;19.83;0.0;
53700.0;19.9;19.84;0.0;
54000.0;19.8;19.73;0.0;
54300.0;19.8;19.72;0.0;
54600.0;19.8;19.73;0.0;
54900.0;19.8;19.63;0.0;
55200.0;19.8;19.62;0.0;
55500.0;19.7;19.64;0.0;
55800.0;19.6;19.57;0.4;
56100.0;19.6;19.51;0.0;
56400.0;19.5;19.44;0.1;
56700.0;19.5;19.47;0.4;
57000.0;19.6;19.47;0.0;
57300.0;19.6;19.46;0.0;
57600.0;19.4;19.36;0.7;
57900.0;19.4;19.3;0.7;
58200.0;19.4;19.25;2.1;
58500.0;19.2;19.19;4.7;
58800.0;19.1;19.11;7.1;
59100.0;19.1;19.11;10.4;
59400.0;19.0;19.07;13.2;
59700.0;19.0;19.03;15.8;
60000.0;19.1;19.11;17.8;
60300.0;19.1;19.17;20.9;
60600.0;19.1;19.23;25.3;
60900.0;19.0;19.19;30.3;
61200.0;19.0;19.16;35.3;
61500.0;18.8;19.12;42.9;
61800.0;18.7;19.09;51.8;
62100.0;18.8;19.13;60.2;
62400.0;18.9;19.27;72.0;
62700.0;19.1;19.44;81.0;
63000.0;19.3;19.8;92.7;
63300.0;19.4;19.77;104.3;
63600.0;19.3;20.03;110.6;
63900.0;19.3;20.05;111.3;
64200.0;19.2;20.15;111.0;
64500.0;19.0;19.99;117.9;
64800.0;19.0;19.9;129.6;
65100.0;19.1;20.01;142.1;
65400.0;19.2;19.98;176.6;
65700.0;19.2;20.01;171.9;
66000.0;19.4;20.15;179.5;
66300.0;19.6;20.35;191.6;
66600.0;20.0;20.69;249.5;
66900.0;20.4;20.87;230.7;
67200.0;20.5;20.98;180.5;
67500.0;20.8;21.39;191.8;
67800.0;20.7;21.5;204.4;
68100.0;20.8;21.75;240.3;
68400.0;21.1;21.77;309.3;
68700.0;21.0;22.08;299.1;
69000.0;21.3;22.14;324.6;
69300.0;21.9;22.3;348.4;
69600.0;22.2;22.35;371.8;
69900.0;22.2;22.31;402.1;
70200.0;22.2;22.45;372.4;
70500.0;22.1;22.51;436.7;
70800.0;22.8;22.96;397.4;
71100.0;22.6;23.12;432.5;
71400.0;22.4;23.63;460.6;
71700.0;23.1;24.1;555.1;
72000.0;23.1;23.65;457.6;
72300.0;22.9;23.93;449.1;
72600.0;22.7;24.23;353.6;
72900.0;22.8;24.66;459.4;
73200.0;22.9;24.99;595.9;
73500.0;23.5;25.32;431.9;
73800.0;23.7;24.96;633.0;
74100.0;23.5;26.01;633.8;
74400.0;23.4;26.3;644.3;
74700.0;24.0;26.0;656.8;
75000.0;23.8;26.68;665.3;
75300.0;24.1;27.2;676.9;
75600.0;24.2;26.85;685.1;
75900.0;24.8;26.7;697.7;
76200.0;25.0;26.59;709.1;
76500.0;24.8;27.11;731.5;
76800.0;25.0;27.9;754.8;
77100.0;25.3;28.12;779.7;
77400.0;25.1;27.75;798.2;
77700.0;25.0;27.56;837.7;
78000.0;24.6;27.49;833.8;
78300.0;24.4;27.48;189.0;
78600.0;24.7;26.89;371.6;
78900.0;24.8;27.81;313.4;
79200.0;24.3;27.4;907.2;
79500.0;25.1;27.29;251.6;
79800.0;24.8;26.57;277.3;
80100.0;24.6;26.41;265.9;
80400.0;24.9;26.53;280.1;
80700.0;24.8;26.54;333.1;
81000.0;25.1;27.15;355.5;
81300.0;24.8;26.13;212.0;
81600.0;24.8;26.0;204.3;
81900.0;24.6;25.96;193.5;
82200.0;25.0;26.84;973.4;
82500.0;25.1;28.06;1000.0;
82800.0;25.9;28.16;999.0;
83100.0;25.4;28.17;640.2;
83400.0;25.5;28.04;201.1;
83700.0;25.0;26.84;208.3;
84000.0;25.2;26.85;988.6;
84300.0;25.6;28.27;774.8;
84600.0;25.5;27.92;266.9;
84900.0;25.4;27.14;181.8;
85200.0;25.4;26.92;224.2;
85500.0;25.2;26.75;383.3;
85800.0;25.3;26.5;300.6;
86100.0;25.2;27.11;1010.8;
86400.0;25.7;28.18;1063.7;
86700.0;26.0;28.26;415.2;
87000.0;25.6;28.58;929.2;
87300.0;25.6;28.55;998.3;
87600.0;25.9;29.02;642.4;
87900.0;25.5;27.9;945.5;
88200.0;25.9;28.41;979.4;
88500.0;25.9;28.65;1053.0;
88800.0;26.1;28.82;1033.1;
89100.0;25.9;27.73;265.1;
89400.0;25.5;27.38;289.1;
89700.0;25.5;26.98;313.4;
90000.0;26.3;28.16;981.0;
90300.0;25.6;27.97;277.3;
90600.0;25.8;27.69;278.4;
90900.0;25.6;27.4;249.3;
91200.0;25.9;27.4;208.6;
91500.0;25.9;27.44;243.2;
91800.0;25.8;27.6;929.0;
92100.0;26.1;28.31;889.2;
92400.0;26.1;28.63;837.6;
92700.0;26.1;28.66;830.2;
93000.0;26.3;28.71;842.3;
93300.0;26.6;28.47;186.3;
93600.0;25.6;27.27;863.3;
93900.0;26.4;28.03;215.1;
94200.0;26.1;27.45;810.3;
94500.0;25.7;27.27;756.3;
94800.0;26.0;27.66;327.3;
95100.0;26.5;28.81;779.5;
95400.0;26.0;28.41;225.0;
95700.0;26.1;27.97;716.0;
96000.0;26.1;27.82;672.5;
96300.0;26.4;28.49;739.3;
96600.0;26.0;28.6;705.3;
96900.0;26.5;28.41;198.9;
97200.0;26.3;28.39;672.1;
97500.0;26.2;28.8;651.7;
97800.0;26.5;28.43;624.5;
98100.0;26.3;28.23;598.5;
98400.0;26.1;28.11;595.1;
98700.0;26.4;28.66;573.8;
99000.0;26.1;27.96;403.6;
99300.0;26.3;28.14;561.7;
99600.0;26.1;28.28;542.9;
99900.0;26.2;28.04;499.3;
100200.0;25.8;27.86;133.5;
100500.0;25.7;27.29;191.0;
100800.0;25.8;27.19;496.5;
101100.0;25.9;27.6;476.1;
101400.0;26.0;27.93;462.1;
101700.0;26.2;28.31;445.5;
102000.0;26.1;27.89;424.3;
102300.0;26.2;27.93;407.7;
102600.0;26.0;27.81;397.3;
102900.0;26.4;28.03;385.2;
103200.0;26.2;28.01;368.9;
103500.0;26.3;28.22;361.5;
103800.0;26.2;27.81;355.9;
104100.0;26.2;27.53;104.5;
104400.0;26.3;27.64;336.6;
104700.0;26.3;27.85;183.2;
105000.0;25.7;27.09;97.6;
105300.0;25.8;26.89;222.1;
105600.0;25.7;26.78;106.0;
105900.0;25.5;26.34;104.5;
106200.0;25.6;26.44;117.4;
106500.0;25.5;26.41;154.6;
106800.0;25.3;26.21;138.1;
107100.0;25.2;26.29;192.1;
107400.0;25.2;26.28;172.8;
107700.0;25.3;26.41;142.2;
108000.0;25.3;26.31;112.5;
108300.0;25.0;25.93;105.4;
108600.0;24.9;25.72;96.7;
108900.0;24.8;25.47;86.3;
109200.0;24.7;25.24;77.6;
109500.0;24.5;24.98;67.8;
109800.0;24.5;24.8;57.7;
110100.0;24.4;24.67;44.8;
110400.0;24.2;24.5;39.4;
110700.0;24.1;24.36;30.7;
111000.0;24.0;24.22;22.9;
111300.0;23.8;24.1;16.0;
111600.0;23.7;23.9;9.8;
111900.0;23.5;23.78;6.5;
112200.0;23.4;23.63;4.4;
112500.0;23.3;23.49;2.4;
112800.0;23.1;23.32;1.1;
113100.0;23.1;23.17;0.0;
113400.0;22.9;23.03;0.0;
113700.0;22.8;22.91;0.0;
114000.0;22.6;22.74;0.0;
114300.0;22.5;22.59;0.0;
114600.0;22.4;22.46;0.0;
114900.0;22.3;22.34;0.0;
115200.0;22.2;22.24;0.0;
115500.0;22.1;22.13;0.0;
115800.0;21.8;21.88;0.0;
116100.0;21.6;21.68;0.0;
116400.0;21.5;21.55;0.0;
116700.0;21.4;21.39;0.0;
117000.0;21.4;21.28;0.0;
117300.0;21.4;21.29;0.0;
117600.0;21.2;21.22;0.0;
117900.0;21.2;21.15;0.0;
118200.0;21.2;21.17;0.0;
118500.0;21.4;21.3;0.0;
118800.0;21.1;21.17;0.0;
119100.0;20.9;20.98;0.0;
119400.0;20.8;20.87;0.0;
119700.0;20.7;20.8;0.0;
120000.0;20.5;20.63;0.0;
120300.0;20.4;20.54;0.0;
120600.0;20.4;20.42;0.0;
120900.0;20.2;20.33;0.0;
121200.0;20.2;20.3;0.0;
121500.0;20.1;20.2;0.0;
121800.0;20.0;20.12;0.0;
122100.0;19.9;20.09;0.0;
122400.0;19.8;19.92;0.0;
122700.0;19.8;19.82;0.0;
123000.0;19.7;19.72;0.0;
123300.0;19.6;19.67;0.0;
123600.0;19.5;19.6;0.0;
123900.0;19.5;19.53;0.0;
124200.0;19.4;19.53;0.0;
124500.0;19.3;19.39;0.0;
124800.0;19.1;19.28;0.0;
125100.0;19.1;19.13;0.0;
125400.0;19.0;19.04;0.0;
125700.0;18.9;19.0;0.0;
126000.0;18.9;18.96;0.0;
126300.0;18.9;18.94;0.0;
126600.0;18.8;18.89;0.0;
126900.0;18.7;18.83;0.0;
127200.0;18.6;18.69;0.0;
127500.0;18.5;18.62;0.0;
127800.0;18.4;18.51;0.0;
128100.0;18.4;18.44;0.0;
128400.0;18.3;18.4;0.0;
128700.0;18.2;18.32;0.0;
129000.0;18.1;18.24;0.0;
129300.0;18.1;18.17;0.0;
129600.0;18.0;18.09;0.0;
129900.0;17.9;17.98;0.0;
130200.0;17.9;17.97;0.0;
130500.0;17.8;17.86;0.0;
130800.0;17.8;17.8;0.0;
131100.0;17.7;17.68;0.0;
131400.0;17.7;17.58;0.0;
131700.0;17.6;17.46;0.0;
132000.0;17.6;17.52;0.0;
132300.0;17.4;17.45;0.0;
132600.0;17.3;17.38;0.0;
132900.0;17.2;17.36;0.0;
133200.0;17.2;17.28;0.0;
133500.0;17.1;17.21;0.0;
133800.0;17.1;17.17;0.0;
134100.0;16.9;17.01;0.0;
134400.0;16.9;16.9;0.0;
134700.0;16.8;16.87;0.0;
135000.0;16.8;16.85;0.0;
135300.0;16.7;16.78;0.0;
135600.0;16.6;16.65;0.0;
135900.0;16.5;16.61;0.0;
136200.0;16.5;16.46;0.0;
136500.0;16.4;16.37;0.0;
136800.0;16.3;16.34;0.0;
137100.0;16.2;16.31;0.1;
137400.0;16.2;16.31;0.0;
137700.0;16.1;16.19;0.0;
138000.0;16.0;16.09;0.0;
138300.0;16.0;15.96;0.0;
138600.0;16.0;15.97;0.0;
138900.0;15.9;15.9;0.0;
139200.0;15.8;15.84;0.1;
139500.0;16.0;15.94;0.0;
139800.0;15.9;15.89;0.0;
140100.0;15.8;15.81;0.0;
140400.0;15.8;15.8;0.0;
140700.0;15.8;15.8;0.0;
141000.0;15.7;15.75;0.1;
141300.0;15.6;15.64;0.0;
141600.0;15.5;15.65;0.1;
141900.0;15.5;15.58;0.0;
142200.0;15.5;15.56;0.1;
142500.0;15.5;15.52;0.0;
142800.0;15.4;15.49;0.1;
143100.0;15.4;15.36;0.1;
143400.0;15.4;15.33;0.1;
143700.0;15.3;15.29;0.0;
144000.0;15.3;15.28;0.1;
144300.0;15.2;15.2;0.9;
144600.0;15.3;15.2;2.0;
144900.0;15.1;15.16;3.7;
145200.0;15.2;15.17;7.1;
145500.0;15.1;15.13;9.8;
145800.0;15.1;15.13;16.0;
146100.0;15.0;15.12;21.6;
146400.0;15.1;15.16;29.1;
146700.0;15.1;15.18;38.7;
147000.0;15.2;15.25;48.6;
147300.0;15.3;15.31;58.1;
147600.0;15.4;15.37;68.8;
147900.0;15.5;15.45;77.2;
148200.0;15.6;15.55;87.8;
148500.0;15.7;15.63;100.2;
148800.0;15.8;15.76;111.3;
149100.0;15.9;15.8;122.3;
149400.0;16.0;15.89;133.6;
149700.0;16.0;15.96;145.9;
150000.0;16.0;15.96;160.9;
150300.0;16.2;16.07;171.6;
150600.0;16.2;16.18;184.6;
150900.0;16.1;16.1;201.0;
151200.0;16.3;16.18;215.4;
151500.0;16.5;16.5;231.4;
151800.0;16.5;16.67;248.2;
152100.0;16.6;16.67;264.9;
152400.0;16.8;16.74;279.5;
152700.0;16.9;16.88;289.0;
153000.0;16.8;17.0;304.5;
153300.0;17.1;17.16;317.0;
153600.0;17.3;17.42;326.6;
153900.0;17.3;17.54;343.0;
154200.0;17.4;17.61;352.7;
154500.0;17.3;17.73;368.9;
154800.0;17.8;17.84;381.8;
155100.0;17.8;18.04;397.7;
155400.0;17.6;18.09;414.8;
155700.0;17.9;18.34;429.0;
156000.0;18.0;18.75;440.5;
156300.0;18.4;19.22;456.5;
156600.0;18.4;19.52;468.4;
156900.0;18.5;19.88;484.2;
157200.0;19.0;20.42;489.7;
157500.0;19.0;20.7;483.0;
157800.0;19.2;20.46;539.3;
158100.0;19.2;21.39;563.0;
158400.0;19.2;21.19;181.7;
158700.0;19.2;20.51;147.3;
159000.0;18.9;19.99;217.8;
159300.0;19.0;19.92;450.0;
159600.0;19.4;20.19;234.1;
159900.0;19.2;20.08;222.1;
160200.0;19.3;20.06;253.2;
160500.0;19.8;20.24;234.9;
160800.0;19.9;20.63;223.8;
161100.0;19.7;20.44;257.5;
161400.0;19.7;20.76;363.6;
161700.0;20.0;21.27;219.3;
162000.0;20.1;21.04;278.1;
162300.0;19.9;21.17;251.7;
162600.0;20.0;21.14;273.5;
162900.0;20.2;21.12;210.0;
163200.0;20.4;21.34;199.1;
163500.0;20.1;21.34;214.3;
163800.0;20.5;21.64;211.6;
164100.0;20.2;21.33;233.7;
164400.0;20.4;21.31;329.9;
164700.0;20.6;21.96;757.3;
165000.0;20.8;22.39;353.1;
165300.0;21.0;22.81;417.3;
165600.0;21.0;22.35;336.0;
165900.0;21.3;22.08;272.8;
166200.0;21.3;22.51;229.2;
166500.0;21.3;22.59;291.0;
166800.0;21.5;22.77;358.9;
167100.0;21.3;22.91;462.1;
167400.0;21.6;23.01;446.2;
167700.0;22.0;23.28;1035.1;
168000.0;22.4;24.54;589.5;
168300.0;21.8;24.21;690.9;
168600.0;22.3;24.28;973.8;
168900.0;22.1;24.65;461.2;
169200.0;22.5;24.48;507.6;
169500.0;22.3;24.22;581.2;
169800.0;22.7;24.52;755.5;
170100.0;22.8;25.05;471.3;
170400.0;22.5;24.68;441.4;
170700.0;22.5;24.46;443.0;
171000.0;23.1;25.04;1007.7;
171300.0;22.7;25.11;999.5;
171600.0;23.1;25.87;334.1;
171900.0;23.1;25.42;232.8;
172200.0;22.9;24.92;211.7;
172500.0;23.2;24.58;974.9;
172800.0;23.2;25.32;972.6;
173100.0;23.6;26.03;969.3;
173400.0;23.6;26.57;1027.1;
173700.0;23.3;26.23;645.4;
174000.0;23.6;26.77;1060.2;
174300.0;24.6;27.54;1069.5;
174600.0;25.0;27.06;842.1;
174900.0;24.0;26.18;309.4;
175200.0;24.0;26.02;270.6;
175500.0;23.7;26.09;884.6;
175800.0;24.3;26.15;533.3;
176100.0;23.5;25.46;291.0;
176400.0;24.3;26.44;520.9;
176700.0;24.1;27.29;911.0;
177000.0;24.4;26.87;906.9;
177300.0;24.6;26.75;908.5;
177600.0;24.7;26.99;923.5;
177900.0;24.4;25.98;940.9;
178200.0;24.5;26.66;952.3;
178500.0;24.6;27.13;931.1;
178800.0;25.1;27.99;899.7;
179100.0;24.1;26.46;260.4;
179400.0;24.2;25.83;278.0;
179700.0;24.5;25.9;911.4;
180000.0;25.1;26.66;819.6;
180300.0;25.2;26.9;213.6;
180600.0;24.8;26.24;184.8;
180900.0;24.5;25.66;187.8;
181200.0;24.3;25.75;194.4;
181500.0;24.4;25.51;188.9;
181800.0;24.3;25.34;206.5;
182100.0;24.5;25.8;700.1;
182400.0;25.3;26.37;648.8;
182700.0;25.2;26.97;293.8;
183000.0;25.2;26.5;245.7;
183300.0;25.0;26.6;255.3;
183600.0;25.1;26.51;651.1;
183900.0;25.0;26.48;221.8;
184200.0;24.8;26.24;195.2;
184500.0;24.7;26.16;189.7;
184800.0;24.8;26.17;184.0;
185100.0;25.0;26.21;198.0;
185400.0;25.0;26.23;235.4;
185700.0;25.1;26.2;371.8;
186000.0;25.5;26.43;556.8;
186300.0;25.6;26.46;212.1;
186600.0;25.6;26.35;445.8;
186900.0;25.8;27.01;452.7;
187200.0;26.1;27.24;426.5;
187500.0;25.5;27.39;399.6;
187800.0;25.8;27.49;345.3;
188100.0;25.6;27.46;276.6;
188400.0;25.7;27.23;210.5;
188700.0;25.6;27.06;187.9;
189000.0;25.4;26.85;179.6;
189300.0;25.4;26.45;177.7;
189600.0;25.2;26.33;159.8;
189900.0;25.0;25.95;146.1;
190200.0;25.1;26.02;149.1;
190500.0;25.1;26.01;155.3;
190800.0;25.2;25.91;143.5;
191100.0;25.2;26.02;141.3;
191400.0;25.0;25.71;135.5;
191700.0;25.1;25.8;133.4;
192000.0;25.0;25.85;133.0;
192300.0;24.8;25.59;136.9;
192600.0;25.0;25.5;141.6;
192900.0;24.8;25.48;117.9;
193200.0;24.8;25.45;109.9;
193500.0;25.0;25.54;99.8;
193800.0;24.8;25.33;88.5;
194100.0;24.8;25.24;78.5;
194400.0;24.8;25.14;68.3;
194700.0;24.7;25.01;60.8;
195000.0;24.7;25.01;54.0;
195300.0;24.6;24.92;47.8;
195600.0;24.6;24.87;42.4;
195900.0;24.6;24.77;37.0;
196200.0;24.5;24.68;32.1;
196500.0;24.5;24.61;26.7;
196800.0;24.4;24.56;22.9;
197100.0;24.4;24.51;18.4;
197400.0;24.4;24.49;13.6;
197700.0;24.4;24.42;9.4;
198000.0;24.3;24.36;6.1;
198300.0;24.3;24.27;3.6;
198600.0;24.2;24.19;1.2;
198900.0;24.1;24.09;0.9;
199200.0;23.9;23.87;0.0;
199500.0;23.6;23.59;0.0;
199800.0;23.6;23.43;0.0;
200100.0;23.4;23.33;0.0;
200400.0;23.3;23.23;0.0;
200700.0;23.4;23.18;0.4;
201000.0;23.4;23.21;0.9;
201300.0;23.4;23.24;0.5;
201600.0;23.3;23.25;0.0;
201900.0;23.2;23.25;0.0;
202200.0;23.2;23.16;0.0;
202500.0;23.2;23.1;0.0;
202800.0;23.2;23.15;0.0;
203100.0;23.3;23.1;1.3;
203400.0;23.3;23.06;1.1;
203700.0;23.2;23.05;1.3;
204000.0;23.2;22.99;0.5;
204300.0;23.1;22.99;0.3;
204600.0;23.1;22.93;0.0;
204900.0;23.0;22.87;0.0;
205200.0;22.9;22.77;0.0;
205500.0;22.8;22.73;0.0;
205800.0;22.8;22.6;0.0;
206100.0;22.6;22.5;0.0;
206400.0;22.6;22.43;0.0;
206700.0;22.5;22.27;0.0;
207000.0;22.4;22.12;0.0;
207300.0;22.2;22.02;0.0;
207600.0;22.1;21.89;0.0;
207900.0;22.0;21.74;0.0;
208200.0;21.9;21.66;0.0;
208500.0;21.9;21.58;0.0;
208800.0;21.9;21.53;0.0;
209100.0;21.8;21.54;0.0;
209400.0;21.7;21.51;0.0;
209700.0;21.7;21.42;0.0;
210000.0;21.6;21.34;0.0;
210300.0;21.5;21.19;0.0;
210600.0;21.4;21.07;0.0;
210900.0;21.3;20.89;0.0;
211200.0;21.3;20.87;0.0;
211500.0;21.2;20.73;0.3;
211800.0;21.1;20.66;0.0;
212100.0;21.0;20.66;0.4;
212400.0;20.9;20.59;0.0;
212700.0;20.9;20.35;0.0;
213000.0;20.8;20.16;0.0;
213300.0;20.7;20.01;0.0;
213600.0;20.6;19.86;0.0;
213900.0;20.6;19.85;0.5;
214200.0;20.1;19.82;0.3;
214500.0;20.3;19.73;0.7;
214800.0;20.2;19.56;0.4;
215100.0;20.1;19.46;0.6;
215400.0;20.1;19.41;1.1;
215700.0;20.0;19.51;2.5;
216000.0;19.9;19.57;0.2;
216300.0;19.8;19.48;0.7;
216600.0;19.8;19.38;2.8;
216900.0;19.7;19.3;0.9;
217200.0;19.5;19.22;0.0;
217500.0;19.3;19.12;0.0;
217800.0;19.1;19.08;0.0;
218100.0;19.0;18.89;0.0;
218400.0;18.9;18.67;0.0;
218700.0;18.8;18.62;0.0;
219000.0;18.8;18.5;0.0;
219300.0;18.7;18.45;0.0;
219600.0;18.5;18.42;0.0;
219900.0;18.6;18.33;0.7;
220200.0;18.6;18.33;0.1;
220500.0;18.6;18.27;0.0;
220800.0;18.4;18.2;0.1;
221100.0;18.4;18.12;0.1;
221400.0;18.2;18.08;0.0;
221700.0;18.2;18.03;0.0;
222000.0;18.1;17.96;0.0;
222300.0;18.0;17.88;0.0;
222600.0;17.9;17.72;0.3;
222900.0;17.8;17.65;0.0;
223200.0;17.7;17.57;0.1;
223500.0;17.6;17.54;0.0;
223800.0;17.5;17.45;0.0;
224100.0;17.5;17.35;0.0;
224400.0;17.3;17.24;0.7;
224700.0;17.3;17.19;0.0;
225000.0;17.2;17.12;0.2;
225300.0;17.2;17.08;0.0;
225600.0;17.1;17.02;0.3;
225900.0;17.1;16.97;0.0;
226200.0;17.0;16.89;0.0;
226500.0;17.0;16.84;0.0;
226800.0;17.0;16.8;0.0;
227100.0;17.0;16.77;0.0;
227400.0;16.9;16.69;0.3;
227700.0;16.9;16.64;0.0;
228000.0;16.8;16.62;0.3;
228300.0;16.8;16.62;0.0;
228600.0;16.8;16.67;0.0;
228900.0;16.8;16.58;0.3;
229200.0;16.8;16.53;0.5;
229500.0;16.7;16.48;0.0;
229800.0;16.7;16.42;0.0;
230100.0;16.7;16.42;0.4;
230400.0;16.6;16.37;1.8;
230700.0;16.6;16.3;2.8;
231000.0;16.7;16.23;3.7;
231300.0;16.5;16.28;6.3;
231600.0;16.5;16.35;10.8;
231900.0;16.5;16.25;13.7;
232200.0;16.5;16.25;19.8;
232500.0;16.5;16.19;24.3;
232800.0;16.6;16.19;28.6;
233100.0;16.8;16.2;39.5;
233400.0;16.8;16.24;48.4;
233700.0;16.9;16.32;57.7;
234000.0;16.8;16.35;65.6;
234300.0;16.9;16.43;74.2;
234600.0;17.2;16.55;84.6;
234900.0;17.2;16.64;94.7;
235200.0;17.2;16.7;106.2;
235500.0;17.2;16.73;116.8;
235800.0;17.2;16.75;129.3;
236100.0;17.3;16.82;140.2;
236400.0;17.3;16.92;154.6;
236700.0;17.3;17.0;168.8;
237000.0;17.3;17.03;183.2;
237300.0;17.7;17.08;198.5;
237600.0;17.6;17.19;211.4;
237900.0;17.5;17.21;226.1;
238200.0;17.8;17.34;240.3;
238500.0;18.5;17.72;255.6;
238800.0;18.0;17.62;266.3;
239100.0;18.1;17.65;281.8;
239400.0;18.6;17.99;296.8;
239700.0;18.6;18.07;309.6;
240000.0;18.2;18.02;323.2;
240300.0;18.7;18.19;338.0;
240600.0;18.6;18.43;352.6;
240900.0;18.8;18.42;366.7;
241200.0;19.2;18.5;383.3;
241500.0;19.6;18.76;397.8;
241800.0;19.7;19.22;411.5;
242100.0;19.7;19.52;425.3;
242400.0;20.3;20.49;439.4;
242700.0;20.2;20.89;449.7;
243000.0;20.3;21.1;471.8;
243300.0;20.1;21.46;491.5;
243600.0;20.9;21.7;511.6;
243900.0;21.0;22.06;524.1;
244200.0;21.0;22.29;531.6;
244500.0;21.5;23.01;545.5;
244800.0;21.4;23.32;559.1;
245100.0;21.9;23.11;340.7;
245400.0;21.7;23.28;547.9;
245700.0;21.6;23.79;578.6;
246000.0;21.7;24.49;592.6;
246300.0;22.0;24.87;597.5;
246600.0;22.5;25.32;621.2;
246900.0;22.5;25.35;626.5;
247200.0;22.6;25.29;641.2;
247500.0;23.5;25.45;655.2;
247800.0;23.6;24.93;664.1;
248100.0;23.8;25.67;672.6;
248400.0;23.4;26.12;680.8;
248700.0;23.8;25.72;691.2;
249000.0;24.1;25.85;695.6;
249300.0;24.3;26.82;713.2;
249600.0;25.1;27.49;723.4;
249900.0;24.7;27.86;732.4;
250200.0;24.8;26.62;742.5;
250500.0;24.6;27.17;755.8;
250800.0;25.5;27.55;763.8;
251100.0;25.6;28.36;777.2;
251400.0;25.5;28.88;811.0;
251700.0;25.3;28.41;603.1;
252000.0;25.8;28.1;825.4;
252300.0;25.5;27.87;802.5;
252600.0;25.2;28.16;806.8;
252900.0;25.9;28.5;802.7;
253200.0;25.4;28.4;817.3;
253500.0;26.2;28.21;834.0;
253800.0;26.0;28.88;841.6;
254100.0;25.9;28.72;828.7;
254400.0;25.9;28.47;824.0;
254700.0;25.5;27.74;836.2;
255000.0;25.9;28.7;841.6;
255300.0;25.7;28.6;792.9;
255600.0;25.9;28.84;817.2;
255900.0;26.0;28.31;835.9;
256200.0;25.5;28.41;841.2;
256500.0;25.8;28.6;857.2;
256800.0;26.4;28.74;853.1;
257100.0;26.7;29.09;771.9;
257400.0;26.3;29.31;854.0;
257700.0;26.6;29.54;836.1;
258000.0;26.4;28.42;851.1;
258300.0;26.8;29.15;852.3;
258600.0;27.0;29.39;863.4;
258900.0;27.0;29.89;829.6;
259200.0;27.7;28.4;865.6;
259500.0;27.4;28.51;866.7;
259800.0;27.5;28.45;841.6;
260100.0;27.6;28.76;556.8;
260400.0;27.1;28.73;850.1;
260700.0;27.3;30.01;848.3;
261000.0;27.5;30.53;844.4;
261300.0;27.0;29.65;843.7;
261600.0;27.2;29.82;849.4;
261900.0;27.4;30.34;829.8;
262200.0;27.8;30.33;831.9;
262500.0;27.3;30.36;827.9;
262800.0;27.9;30.06;822.1;
263100.0;28.1;30.42;810.9;
263400.0;27.8;29.92;804.3;
263700.0;28.0;29.63;801.4;
264000.0;28.2;29.94;783.7;
264300.0;28.1;29.87;778.3;
264600.0;28.4;30.72;784.2;
264900.0;28.1;30.01;749.4;
265200.0;28.0;29.46;743.3;
265500.0;28.5;29.44;679.5;
265800.0;28.2;29.04;695.5;
266100.0;28.3;29.52;666.7;
266400.0;28.2;29.89;780.8;
266700.0;28.7;29.75;686.5;
267000.0;28.2;30.41;743.0;
267300.0;28.5;30.34;660.4;
267600.0;29.0;31.0;718.5;
267900.0;28.6;31.03;420.1;
268200.0;28.5;31.48;614.9;
268500.0;28.6;30.95;477.9;
268800.0;29.1;30.9;342.8;
269100.0;28.7;29.87;594.0;
269400.0;29.3;29.98;485.9;
269700.0;28.8;30.9;696.7;
270000.0;28.9;30.04;718.4;
270300.0;29.5;30.94;667.2;
270600.0;28.9;30.76;577.8;
270900.0;29.0;30.58;611.3;
271200.0;29.0;30.26;571.7;
271500.0;29.2;30.77;495.7;
271800.0;29.3;31.05;479.7;
272100.0;29.0;30.23;460.6;
272400.0;29.2;30.18;420.0;
272700.0;29.4;30.49;427.8;
273000.0;29.5;30.98;322.6;
273300.0;29.2;30.56;188.5;
273600.0;29.3;30.63;219.7;
273900.0;29.1;30.32;221.0;
274200.0;29.0;30.13;230.8;
274500.0;29.0;30.55;267.2;
274800.0;28.9;30.15;313.9;
275100.0;28.9;30.25;305.7;
275400.0;29.0;30.25;228.1;
275700.0;29.1;30.35;213.8;
276000.0;29.1;29.9;194.4;
276300.0;29.0;29.91;164.3;
276600.0;28.7;29.82;159.7;
276900.0;28.8;29.5;152.5;
277200.0;28.7;29.45;141.5;
277500.0;28.8;29.7;141.0;
277800.0;28.7;29.62;134.9;
278100.0;28.6;29.5;139.9;
278400.0;28.6;29.5;110.0;
278700.0;28.5;29.39;105.6;
279000.0;28.5;29.2;106.1;
279300.0;28.5;29.15;106.0;
279600.0;28.4;28.94;94.0;
279900.0;28.3;28.76;77.4;
280200.0;28.3;28.74;69.5;
280500.0;28.2;28.7;83.4;
280800.0;28.2;28.78;124.4;
281100.0;28.3;29.05;105.6;
281400.0;28.2;29.0;105.8;
281700.0;28.1;28.7;53.3;
282000.0;27.9;28.4;41.6;
282300.0;27.8;28.22;26.6;
282600.0;27.8;28.05;17.7;
282900.0;27.7;27.95;13.2;
283200.0;27.5;27.79;10.5;
283500.0;27.4;27.61;8.1;
283800.0;27.4;27.54;6.0;
284100.0;27.2;27.4;4.0;
284400.0;27.2;27.32;2.4;
284700.0;27.2;27.21;1.3;
285000.0;27.0;27.1;0.3;
285300.0;27.1;27.02;0.1;
285600.0;26.9;26.96;0.0;
285900.0;26.9;26.91;0.0;
286200.0;26.9;26.91;0.0;
286500.0;26.8;26.85;0.0;
286800.0;26.6;26.71;0.0;
287100.0;26.6;26.65;0.0;
287400.0;26.5;26.59;0.0;
287700.0;26.4;26.49;0.0;
288000.0;26.4;26.45;0.0;
288300.0;26.8;26.49;1.1;
288600.0;26.9;26.73;1.8;
288900.0;27.0;26.84;1.7;
289200.0;26.9;26.92;0.6;
289500.0;26.9;26.93;0.3;
289800.0;27.0;26.97;0.1;
290100.0;26.9;26.87;0.0;
290400.0;26.7;26.69;0.0;
290700.0;26.7;26.62;0.0;
291000.0;26.7;26.58;0.0;
291300.0;26.7;26.51;0.0;
291600.0;26.7;26.54;0.0;
291900.0;26.5;26.54;0.0;
292200.0;26.4;26.44;0.0;
292500.0;26.3;26.34;0.0;
292800.0;26.2;26.27;0.0;
293100.0;26.3;26.26;0.0;
293400.0;26.5;26.33;0.0;
293700.0;26.5;26.41;0.0;
294000.0;26.5;26.45;0.1;
294300.0;26.4;26.37;0.0;
294600.0;26.3;26.2;0.0;
294900.0;26.1;26.05;0.0;
295200.0;26.0;25.95;0.0;
295500.0;26.0;25.95;0.0;
295800.0;25.9;25.89;0.0;
296100.0;25.9;25.83;0.0;
296400.0;26.0;25.84;0.0;
296700.0;26.0;25.88;0.0;
297000.0;26.0;25.93;0.0;
297300.0;26.1;25.99;0.0;
297600.0;26.0;25.96;0.0;
297900.0;26.0;25.94;0.0;
298200.0;25.9;25.92;0.0;
298500.0;25.9;25.85;0.0;
298800.0;25.8;25.82;0.0;
299100.0;25.9;25.84;0.0;
299400.0;25.8;25.82;0.0;
299700.0;25.5;25.51;0.0;
300000.0;25.2;25.15;0.3;
300300.0;25.1;24.95;1.9;
300600.0;25.2;25.02;1.3;
300900.0;25.2;25.07;0.5;
301200.0;25.1;25.04;0.2;
301500.0;25.2;25.05;0.4;
301800.0;25.2;25.16;0.9;
302100.0;25.2;25.17;0.0;
302400.0;25.1;25.09;0.0;
302700.0;25.0;24.97;0.0;
303000.0;25.1;24.99;0.0;
303300.0;25.0;24.89;0.0;
303600.0;25.1;24.89;0.0;
303900.0;25.1;24.88;0.4;
304200.0;25.2;24.89;0.0;
304500.0;25.2;24.92;0.0;
304800.0;24.6;24.38;0.0;
305100.0;23.4;23.81;0.0;
305400.0;23.0;23.33;0.0;
305700.0;23.2;23.22;0.0;
306000.0;23.1;23.15;0.0;
306300.0;22.9;23.0;0.0;
306600.0;22.8;22.77;0.0;
306900.0;22.3;22.39;2.0;
307200.0;22.0;22.11;0.7;
307500.0;21.9;21.99;1.6;
307800.0;21.9;21.96;1.3;
308100.0;21.9;21.93;1.2;
308400.0;22.0;21.93;0.1;
308700.0;22.1;21.97;0.3;
309000.0;22.5;22.11;1.4;
309300.0;22.6;22.23;1.6;
309600.0;22.8;22.41;1.6;
309900.0;22.6;22.43;0.0;
310200.0;22.3;22.26;0.0;
310500.0;22.2;22.06;0.0;
310800.0;22.3;22.11;0.0;
311100.0;22.3;22.04;0.0;
311400.0;22.2;21.97;0.0;
311700.0;22.1;22.01;0.7;
312000.0;21.9;21.97;1.1;
312300.0;21.6;21.84;0.0;
312600.0;21.5;21.68;0.0;
312900.0;21.7;21.62;0.0;
313200.0;21.5;21.58;0.0;
313500.0;21.5;21.49;0.0;
313800.0;21.5;21.39;0.0;
314100.0;21.3;21.29;0.0;
314400.0;21.0;21.21;0.0;
314700.0;21.1;21.15;0.0;
315000.0;21.1;21.21;0.0;
315300.0;21.2;21.22;0.0;
315600.0;21.0;21.1;0.0;
315900.0;20.9;21.03;0.0;
316200.0;20.9;21.05;0.0;
316500.0;21.0;21.1;0.0;
316800.0;21.2;21.19;0.0;
317100.0;21.0;21.19;0.1;
317400.0;20.9;21.15;0.0;
317700.0;20.9;21.14;0.1;
318000.0;20.8;21.02;1.6;
318300.0;20.9;20.97;4.0;
318600.0;20.9;21.02;7.8;
318900.0;21.0;21.08;11.7;
319200.0;20.9;21.03;13.4;
319500.0;21.1;21.13;15.8;
319800.0;21.1;21.1;23.2;
320100.0;20.9;21.06;36.3;
320400.0;20.9;21.05;50.8;
320700.0;20.8;21.04;48.3;
321000.0;20.9;21.06;53.4;
321300.0;21.1;21.19;45.8;
321600.0;21.1;21.25;60.1;
321900.0;21.1;21.3;79.3;
322200.0;21.1;21.31;92.9;
322500.0;21.1;21.47;106.9;
322800.0;21.3;21.66;92.6;
323100.0;21.4;21.73;102.8;
323400.0;21.5;22.08;121.0;
323700.0;21.6;22.55;126.0;
324000.0;21.7;22.63;123.0;
324300.0;22.0;22.81;137.1;
324600.0;22.1;22.92;159.3;
324900.0;22.3;23.03;192.0;
325200.0;22.5;23.29;181.3;
325500.0;22.8;23.59;137.8;
325800.0;22.6;23.3;123.9;
326100.0;22.7;23.18;148.2;
326400.0;22.6;23.26;251.9;
326700.0;22.8;23.46;278.9;
327000.0;23.1;23.64;162.6;
327300.0;23.0;23.85;184.2;
327600.0;23.1;23.86;221.8;
327900.0;23.1;23.88;217.3;
328200.0;23.0;23.89;228.7;
328500.0;23.0;23.85;222.7;
328800.0;23.1;24.04;278.0;
329100.0;23.4;24.53;272.0;
329400.0;23.5;24.78;298.2;
329700.0;23.3;24.7;285.2;
330000.0;23.6;24.87;287.8;
330300.0;23.7;24.84;278.0;
330600.0;23.9;24.89;277.2;
330900.0;23.8;25.01;290.3;
331200.0;23.7;24.88;319.5;
331500.0;23.6;24.73;357.6;
331800.0;23.5;24.57;424.0;
332100.0;23.5;24.63;370.8;
332400.0;23.9;24.64;371.5;
332700.0;24.4;25.3;417.6;
333000.0;23.9;25.22;432.6;
333300.0;23.9;25.54;536.3;
333600.0;24.2;25.89;624.6;
333900.0;24.4;26.53;830.7;
334200.0;24.2;25.99;851.3;
334500.0;23.9;25.97;426.9;
334800.0;23.8;25.84;440.1;
335100.0;23.8;25.55;507.1;
335400.0;23.6;25.68;910.0;
335700.0;23.6;26.34;908.7;
336000.0;24.0;26.56;691.0;
336300.0;25.0;27.04;808.0;
336600.0;24.4;27.31;878.5;
336900.0;24.3;26.88;816.2;
337200.0;24.4;27.0;632.8;
337500.0;24.6;27.06;473.4;
337800.0;24.6;27.38;931.3;
338100.0;25.2;28.21;861.2;
338400.0;25.2;27.82;872.2;
338700.0;24.7;26.88;920.8;
339000.0;24.3;27.03;912.1;
339300.0;25.0;27.53;896.9;
339600.0;25.1;27.35;842.0;
339900.0;25.1;27.32;928.5;
340200.0;25.6;27.61;902.5;
340500.0;25.4;28.5;996.7;
340800.0;25.0;28.21;1066.5;
341100.0;25.2;28.45;917.3;
341400.0;25.8;28.32;912.9;
341700.0;26.3;28.93;548.1;
342000.0;25.9;28.73;1056.7;
342300.0;26.2;28.47;374.0;
342600.0;25.6;27.48;418.7;
342900.0;25.5;27.43;485.7;
343200.0;25.6;27.35;516.5;
343500.0;25.6;27.67;441.3;
343800.0;25.3;27.55;382.5;
344100.0;25.2;27.58;397.1;
344400.0;25.7;27.6;431.5;
344700.0;25.5;27.82;502.3;
345000.0;25.6;28.16;571.3;
345300.0;25.7;28.17;428.7;
345600.0;25.3;27.77;376.3;
345900.0;25.5;27.8;750.8;
346200.0;25.6;28.36;964.1;
346500.0;25.9;29.18;890.8;
346800.0;26.0;27.82;923.7;
347100.0;26.6;29.37;966.5;
347400.0;26.5;29.85;977.2;
347700.0;26.4;29.42;992.4;
348000.0;26.3;29.41;574.7;
348300.0;26.2;29.04;968.3;
348600.0;26.5;29.29;751.2;
348900.0;26.4;29.51;829.2;
349200.0;26.6;29.19;571.9;
349500.0;26.6;29.51;242.0;
349800.0;26.3;28.83;943.5;
350100.0;27.2;30.0;913.0;
350400.0;26.7;29.19;290.5;
350700.0;26.5;28.5;845.6;
351000.0;27.4;29.72;984.9;
351300.0;27.2;29.22;241.1;
351600.0;27.0;29.24;849.7;
351900.0;27.1;29.25;888.2;
352200.0;27.3;29.83;728.7;
352500.0;27.4;30.41;735.0;
352800.0;27.3;29.68;290.8;
353100.0;26.9;28.91;377.0;
353400.0;27.1;28.72;365.3;
353700.0;27.1;29.09;415.4;
354000.0;27.1;28.93;270.5;
354300.0;27.2;28.86;380.9;
354600.0;27.0;28.72;327.7;
354900.0;27.1;28.91;342.0;
355200.0;27.2;28.92;368.1;
355500.0;27.4;28.82;396.6;
355800.0;27.5;28.79;393.3;
356100.0;27.5;29.21;647.7;
356400.0;27.3;29.25;323.2;
356700.0;27.1;28.83;527.7;
357000.0;27.6;29.55;431.1;
357300.0;27.9;29.77;369.6;
357600.0;27.7;30.05;624.2;
357900.0;27.2;29.21;456.3;
358200.0;27.4;29.15;602.3;
358500.0;27.9;29.93;331.8;
358800.0;27.6;29.13;364.2;
359100.0;27.5;29.24;319.3;
359400.0;27.5;28.83;264.3;
359700.0;27.5;28.86;259.8;
360000.0;27.5;28.88;220.0;
360300.0;27.3;28.9;354.6;
360600.0;27.2;28.71;228.0;
360900.0;27.3;28.75;221.2;
361200.0;27.4;28.71;269.7;
361500.0;27.2;28.68;246.3;
361800.0;27.2;28.59;203.9;
362100.0;27.1;28.45;163.4;
362400.0;27.0;28.19;116.4;
362700.0;27.3;28.14;111.2;
363000.0;26.9;28.0;122.6;
363300.0;27.0;27.98;138.5;
363600.0;27.0;27.87;158.6;
363900.0;27.0;27.98;149.5;
364200.0;26.9;27.86;119.8;
364500.0;26.9;27.89;109.6;
364800.0;26.9;27.88;102.1;
365100.0;27.0;27.71;113.2;
365400.0;26.9;27.71;122.4;
365700.0;26.9;27.61;108.9;
366000.0;26.9;27.66;85.3;
366300.0;26.9;27.46;68.9;
366600.0;26.9;27.55;58.3;
366900.0;26.8;27.41;51.7;
367200.0;26.8;27.39;43.1;
367500.0;26.8;27.37;34.7;
367800.0;26.6;27.12;26.3;
368100.0;26.6;27.09;20.9;
368400.0;26.6;27.08;22.8;
368700.0;26.5;26.98;19.0;
369000.0;26.5;27.05;19.9;
369300.0;26.4;26.84;25.0;
369600.0;26.4;26.8;17.8;
369900.0;26.3;26.74;22.1;
370200.0;26.2;26.62;14.3;
370500.0;26.1;26.5;11.5;
370800.0;26.0;26.36;5.5;
371100.0;25.8;26.11;2.6;
371400.0;25.7;25.99;1.0;
371700.0;25.6;25.89;0.0;
372000.0;25.5;25.74;0.0;
372300.0;25.3;25.6;0.0;
372600.0;25.2;25.36;0.0;
372900.0;25.1;25.34;0.0;
373200.0;25.1;25.21;0.0;
373500.0;25.1;25.17;0.0;
373800.0;25.1;25.17;0.0;
374100.0;25.0;25.13;0.0;
374400.0;25.0;24.99;0.0;
374700.0;24.7;24.83;0.0;
375000.0;24.4;24.58;0.0;
375300.0;24.3;24.44;0.0;
375600.0;24.3;24.39;0.0;
375900.0;24.5;24.48;0.1;
376200.0;24.7;24.65;0.0;
376500.0;24.7;24.69;0.1;
376800.0;24.5;24.63;0.0;
377100.0;24.4;24.58;0.0;
377400.0;24.3;24.51;0.0;
377700.0;24.3;24.48;0.0;
378000.0;24.2;24.48;0.0;
378300.0;24.2;24.48;0.0;
378600.0;24.2;24.45;0.0;
378900.0;24.1;24.41;0.0;
379200.0;24.1;24.31;0.0;
379500.0;24.0;24.23;0.0;
379800.0;23.9;24.2;0.0;
380100.0;23.9;24.12;0.0;
380400.0;23.8;24.04;0.0;
380700.0;23.7;23.89;0.0;
381000.0;23.7;23.87;0.0;
381300.0;23.6;23.82;0.0;
381600.0;23.5;23.76;0.0;
381900.0;23.5;23.71;0.0;
382200.0;23.4;23.62;0.0;
382500.0;23.4;23.53;0.0;
382800.0;23.4;23.43;0.0;
383100.0;23.4;23.4;0.0;
383400.0;23.4;23.35;0.0;
383700.0;23.4;23.26;0.0;
384000.0;23.5;23.23;1.9;
384300.0;23.2;23.01;0.1;
384600.0;23.3;22.95;0.5;
384900.0;23.2;22.93;0.0;
385200.0;23.2;22.85;0.4;
385500.0;23.1;22.74;1.0;
385800.0;23.0;22.6;0.1;
386100.0;22.7;22.49;0.0;
386400.0;22.8;22.39;0.4;
386700.0;22.6;22.4;0.0;
387000.0;22.8;22.38;1.1;
387300.0;23.0;22.34;1.3;
387600.0;23.0;22.26;1.0;
387900.0;22.7;22.16;0.0;
388200.0;22.4;22.1;0.0;
388500.0;22.5;22.03;0.0;
388800.0;22.3;21.93;0.0;
389100.0;22.4;21.71;0.0;
389400.0;22.3;21.65;0.0;
389700.0;22.1;21.67;0.0;
390000.0;22.0;21.54;0.0;
390300.0;21.8;21.33;0.1;
390600.0;21.7;21.24;0.0;
390900.0;21.6;21.04;0.8;
391200.0;21.3;20.88;2.0;
391500.0;21.0;20.86;1.7;
391800.0;21.4;20.88;3.1;
392100.0;21.3;20.93;1.8;
392400.0;21.3;21.0;0.8;
392700.0;21.3;21.08;0.4;
393000.0;21.6;21.19;1.7;
393300.0;21.6;21.3;0.4;
393600.0;21.8;21.38;1.3;
393900.0;21.8;21.52;1.4;
394200.0;22.3;21.79;2.7;
394500.0;22.5;22.01;2.3;
394800.0;22.3;21.95;0.0;
395100.0;22.4;21.84;0.0;
395400.0;22.1;21.75;0.0;
395700.0;21.7;21.56;0.0;
396000.0;21.4;21.35;0.0;
396300.0;21.5;21.23;0.0;
396600.0;21.4;21.13;0.0;
396900.0;21.3;20.98;0.0;
397200.0;21.2;20.85;0.0;
397500.0;21.2;20.74;0.0;
397800.0;21.4;20.7;2.5;
398100.0;21.6;20.81;2.5;
398400.0;21.9;21.14;3.0;
398700.0;21.9;21.01;3.6;
399000.0;21.5;21.03;0.3;
399300.0;21.1;20.91;0.0;
399600.0;21.0;20.78;0.1;
399900.0;21.6;20.74;2.1;
400200.0;21.7;20.76;1.5;
400500.0;22.0;21.43;3.2;
400800.0;22.1;21.7;2.5;
401100.0;22.1;21.82;1.2;
401400.0;22.0;21.82;1.3;
401700.0;22.0;21.78;0.5;
402000.0;21.9;21.68;0.1;
402300.0;21.7;21.58;0.0;
402600.0;21.6;21.48;0.0;
402900.0;21.6;21.41;0.0;
403200.0;21.5;21.33;0.0;
403500.0;21.2;21.17;0.1;
403800.0;21.1;21.03;1.4;
404100.0;21.1;20.96;3.8;
404400.0;21.0;20.9;6.6;
404700.0;21.0;20.87;8.8;
405000.0;21.0;20.87;15.0;
405300.0;21.0;20.84;19.0;
405600.0;20.9;20.84;26.2;
405900.0;20.9;20.83;31.8;
406200.0;20.9;20.81;27.7;
406500.0;20.8;20.8;43.4;
406800.0;20.8;20.8;40.2;
407100.0;20.7;20.72;31.8;
407400.0;20.6;20.63;46.3;
407700.0;20.6;20.64;66.6;
408000.0;20.7;20.75;91.8;
408300.0;20.9;20.82;128.1;
408600.0;20.9;20.94;96.2;
408900.0;20.9;21.0;194.9;
409200.0;21.1;21.19;215.0;
409500.0;21.3;21.43;119.0;
409800.0;21.2;21.43;74.1;
410100.0;21.1;21.37;105.2;
410400.0;21.1;21.43;216.5;
410700.0;21.2;21.64;123.5;
411000.0;21.2;21.61;135.6;
411300.0;21.3;21.72;158.5;
411600.0;21.4;21.85;146.9;
411900.0;21.5;21.98;132.5;
412200.0;21.5;21.94;119.8;
412500.0;21.5;21.97;176.1;
412800.0;21.7;22.1;179.9;
413100.0;21.8;22.41;224.8;
413400.0;22.1;22.71;214.4;
413700.0;22.2;22.84;218.0;
414000.0;22.3;22.97;177.1;
414300.0;22.4;23.07;190.4;
414600.0;22.3;22.93;188.5;
414900.0;22.4;23.07;172.3;
415200.0;22.3;23.03;121.5;
415500.0;22.2;22.9;209.1;
415800.0;22.5;23.06;189.5;
416100.0;22.6;23.38;211.5;
416400.0;22.4;23.38;167.4;
416700.0;22.3;23.28;201.3;
417000.0;22.4;23.4;276.6;
417300.0;22.6;23.52;230.2;
417600.0;22.7;23.39;196.7;
417900.0;22.8;23.54;224.3;
418200.0;22.7;23.53;218.4;
418500.0;22.8;23.62;203.9;
418800.0;22.7;23.64;307.4;
419100.0;23.1;23.83;267.1;
419400.0;23.1;23.89;229.7;
419700.0;23.1;24.05;197.7;
420000.0;23.2;24.4;283.5;
420300.0;23.3;24.56;254.2;
420600.0;23.3;24.58;349.2;
420900.0;23.2;24.47;325.4;
421200.0;23.2;24.53;373.5;
421500.0;23.4;24.95;490.8;
421800.0;23.7;25.27;422.1;
422100.0;23.8;25.63;630.5;
422400.0;24.8;26.41;819.9;
422700.0;24.5;26.1;836.7;
423000.0;24.8;26.72;859.2;
423300.0;25.2;27.13;509.8;
423600.0;25.4;26.71;782.1;
423900.0;25.0;26.52;464.5;
424200.0;25.2;26.22;707.3;
424500.0;25.1;26.31;662.4;
424800.0;25.6;26.91;711.4;
425100.0;25.2;26.72;630.6;
425400.0;25.2;26.57;568.3;
425700.0;25.2;26.49;649.3;
426000.0;25.5;27.02;410.0;
426300.0;25.7;27.22;242.5;
426600.0;25.2;26.78;157.5;
426900.0;25.3;26.55;196.1;
427200.0;25.4;26.43;109.8;
427500.0;25.6;26.63;165.2;
427800.0;25.4;26.46;126.6;
428100.0;25.3;26.36;134.4;
428400.0;25.3;26.26;214.3;
428700.0;25.3;26.31;191.9;
429000.0;25.2;26.09;224.7;
429300.0;25.0;25.98;273.6;
429600.0;25.1;26.06;388.6;
429900.0;25.3;26.49;704.3;
430200.0;25.2;27.32;910.7;
430500.0;25.7;27.9;479.7;
430800.0;25.7;28.23;686.3;
431100.0;25.5;27.95;584.2;
431400.0;25.8;28.37;441.1;
431700.0;25.6;27.68;354.0;
432000.0;25.8;27.14;333.7;
432300.0;26.1;27.31;299.6;
432600.0;26.0;27.31;295.4;
432900.0;26.2;27.77;302.1;
433200.0;26.2;27.84;371.0;
433500.0;26.1;27.86;761.4;
433800.0;26.6;28.44;668.2;
434100.0;26.3;28.22;509.4;
434400.0;26.0;27.7;368.1;
434700.0;26.4;28.19;334.7;
435000.0;26.9;27.78;340.2;
435300.0;26.3;27.54;243.0;
435600.0;26.5;27.98;364.1;
435900.0;27.1;28.09;352.9;
436200.0;26.7;27.97;363.8;
436500.0;26.9;28.13;432.4;
436800.0;27.2;28.63;362.6;
437100.0;27.1;28.96;485.9;
437400.0;26.7;28.46;293.5;
437700.0;26.8;28.37;208.1;
438000.0;26.9;28.13;273.0;
438300.0;26.7;27.35;241.9;
438600.0;26.7;27.29;307.1;
438900.0;26.9;27.99;366.1;
439200.0;26.9;28.47;221.8;
439500.0;27.0;28.48;162.1;
439800.0;27.1;28.58;251.6;
440100.0;27.6;29.08;598.4;
440400.0;27.5;28.75;311.2;
440700.0;27.4;28.92;408.7;
441000.0;27.7;29.32;276.6;
441300.0;27.8;29.33;316.9;
441600.0;27.2;28.93;749.6;
441900.0;27.9;29.09;225.7;
442200.0;28.0;29.32;268.4;
442500.0;27.6;29.21;498.4;
442800.0;27.6;29.01;235.1;
443100.0;27.9;28.95;210.7;
443400.0;27.9;28.68;175.8;
443700.0;27.9;28.58;190.6;
444000.0;27.8;28.55;229.6;
444300.0;27.9;28.67;178.4;
444600.0;27.9;28.5;177.2;
444900.0;28.1;28.77;186.3;
445200.0;28.2;29.03;130.5;
445500.0;28.2;28.83;121.5;
445800.0;28.1;28.79;76.2;
446100.0;28.1;28.71;50.0;
446400.0;27.9;28.39;62.9;
446700.0;28.0;28.52;76.6;
447000.0;28.0;28.49;89.1;
447300.0;28.1;28.61;52.2;
447600.0;28.0;28.55;42.1;
447900.0;27.9;28.49;92.4;
448200.0;27.9;28.6;71.0;
448500.0;27.9;28.52;54.9;
448800.0;28.0;28.46;35.4;
449100.0;27.9;28.34;56.0;
449400.0;27.9;28.43;92.8;
449700.0;27.6;28.26;95.2;
450000.0;27.5;28.14;144.5;
450300.0;27.3;28.06;162.0;
450600.0;27.2;27.98;145.9;
450900.0;27.1;27.8;75.6;
451200.0;27.0;27.62;96.9;
451500.0;27.0;27.54;86.1;
451800.0;26.9;27.42;80.6;
452100.0;26.9;27.41;118.5;
452400.0;26.8;27.35;96.2;
452700.0;26.6;27.12;116.3;
453000.0;26.5;27.11;106.8;
453300.0;26.5;27.21;169.8;
453600.0;26.4;27.2;140.3;
453900.0;26.4;27.11;87.4;
454200.0;26.1;26.7;49.5;
454500.0;25.9;26.47;36.1;
454800.0;25.8;26.2;45.4;
455100.0;25.6;26.02;24.3;
455400.0;25.4;25.74;35.8;
455700.0;25.3;25.71;41.9;
456000.0;25.2;25.51;33.0;
456300.0;25.2;25.39;22.4;
456600.0;25.0;25.24;11.9;
456900.0;25.0;25.07;6.9;
457200.0;24.8;24.91;4.9;
457500.0;24.6;24.75;2.5;
457800.0;24.5;24.63;0.3;
458100.0;24.4;24.45;0.0;
458400.0;24.2;24.32;0.0;
458700.0;24.1;24.15;0.0;
459000.0;23.6;23.82;0.0;
459300.0;23.3;23.49;0.0;
459600.0;22.9;23.1;0.0;
459900.0;22.5;22.75;0.0;
460200.0;22.4;22.55;0.0;
460500.0;22.0;22.26;0.0;
460800.0;21.9;22.07;0.0;
461100.0;21.5;21.83;0.0;
461400.0;21.4;21.68;0.0;
461700.0;21.2;21.47;0.0;
462000.0;21.0;21.3;0.0;
462300.0;20.9;21.13;0.0;
462600.0;20.8;21.05;0.0;
462900.0;20.7;20.93;0.0;
463200.0;20.6;20.88;0.0;
463500.0;20.6;20.83;0.0;
463800.0;20.6;20.77;0.0;
464100.0;20.6;20.72;0.0;
464400.0;20.5;20.71;0.0;
464700.0;20.6;20.67;0.0;
465000.0;20.5;20.59;0.0;
465300.0;20.5;20.59;0.0;
465600.0;20.5;20.63;2.0;
465900.0;20.5;20.74;2.5;
466200.0;20.4;20.68;1.6;
466500.0;20.3;20.61;0.8;
466800.0;20.4;20.65;0.3;
467100.0;20.2;20.55;0.0;
467400.0;20.2;20.6;0.0;
467700.0;20.4;20.64;0.0;
468000.0;20.4;20.49;0.0;
468300.0;20.4;20.49;0.0;
468600.0;20.4;20.52;0.0;
468900.0;20.2;20.49;0.0;
469200.0;20.2;20.41;0.0;
469500.0;20.0;20.29;0.3;
469800.0;19.8;20.03;0.0;
470100.0;19.9;19.98;0.0;
470400.0;19.9;20.02;0.0;
470700.0;19.9;20.02;0.0;
471000.0;19.9;19.92;0.0;
471300.0;19.8;19.9;0.0;
471600.0;19.8;19.8;0.0;
471900.0;19.8;19.78;0.2;
472200.0;19.9;19.77;0.0;
472500.0;19.8;19.74;0.6;
472800.0;19.9;19.76;0.0;
473100.0;19.8;19.72;0.9;
473400.0;19.8;19.67;0.0;
473700.0;19.7;19.62;0.9;
474000.0;19.7;19.62;1.0;
474300.0;19.7;19.66;0.8;
474600.0;19.7;19.68;0.8;
474900.0;19.7;19.73;0.2;
475200.0;19.8;19.74;0.8;
475500.0;19.8;19.75;1.7;
475800.0;19.7;19.75;1.2;
476100.0;19.7;19.77;0.5;
476400.0;19.7;19.8;0.1;
476700.0;19.7;19.76;0.0;
477000.0;19.6;19.75;0.0;
477300.0;19.7;19.78;0.0;
477600.0;19.6;19.82;0.0;
477900.0;19.7;19.81;0.0;
478200.0;19.6;19.82;0.0;
478500.0;19.7;19.83;0.0;
478800.0;19.7;19.8;0.0;
479100.0;19.5;19.68;0.0;
479400.0;19.4;19.49;0.0;
479700.0;19.2;19.39;0.0;
480000.0;19.3;19.45;0.0;
480300.0;19.2;19.34;0.0;
480600.0;19.2;19.29;0.0;
480900.0;19.1;19.31;0.0;
481200.0;19.2;19.31;0.0;
481500.0;19.2;19.31;0.0;
481800.0;19.3;19.37;0.0;
482100.0;19.3;19.39;0.0;
482400.0;19.4;19.41;0.0;
482700.0;19.4;19.5;0.0;
483000.0;19.3;19.42;0.0;
483300.0;19.3;19.39;0.0;
483600.0;19.3;19.45;0.0;
483900.0;19.3;19.41;0.0;
484200.0;19.1;19.24;0.0;
484500.0;19.1;19.17;0.0;
484800.0;19.1;19.25;0.0;
485100.0;19.2;19.3;0.1;
485400.0;19.3;19.42;0.0;
485700.0;19.2;19.4;0.0;
486000.0;19.1;19.34;0.0;
486300.0;19.0;19.24;0.0;
486600.0;18.9;19.12;0.0;
486900.0;18.8;19.01;0.0;
487200.0;18.7;18.84;0.0;
487500.0;18.7;18.8;0.0;
487800.0;18.7;18.8;0.8;
488100.0;18.6;18.78;0.1;
488400.0;18.7;18.85;0.4;
488700.0;18.6;18.82;0.3;
489000.0;18.6;18.81;0.3;
489300.0;18.7;18.9;0.1;
489600.0;18.6;18.87;0.0;
489900.0;18.5;18.78;0.0;
490200.0;18.5;18.76;0.0;
490500.0;18.5;18.72;0.0;
490800.0;18.6;18.79;1.1;
491100.0;18.7;18.88;3.0;
491400.0;18.8;18.94;4.1;
491700.0;18.8;19.04;4.0;
492000.0;18.7;19.07;4.9;
492300.0;18.6;18.91;4.1;
492600.0;18.4;18.76;4.1;
492900.0;18.4;18.68;8.2;
493200.0;18.3;18.64;8.2;
493500.0;18.3;18.63;8.5;
493800.0;18.3;18.6;13.6;
494100.0;18.3;18.67;22.7;
494400.0;18.3;18.63;28.6;
494700.0;18.3;18.67;24.4;
495000.0;18.3;18.65;23.1;
495300.0;18.3;18.75;29.2;
495600.0;18.2;18.64;56.6;
495900.0;18.3;18.78;39.6;
496200.0;18.3;18.86;22.5;
496500.0;18.3;18.91;11.5;
496800.0;18.3;19.05;11.9;
497100.0;18.2;18.95;14.7;
497400.0;18.2;18.8;27.7;
497700.0;18.1;18.68;25.6;
498000.0;17.9;18.51;18.2;
498300.0;17.7;18.09;14.4;
498600.0;17.6;17.89;21.3;
498900.0;17.5;17.7;17.7;
499200.0;17.5;17.64;6.3;
499500.0;17.2;17.34;16.8;
499800.0;17.0;17.13;13.6;
500100.0;16.9;17.06;11.0;
500400.0;16.9;17.04;2.8;
500700.0;16.8;16.82;19.8;
501000.0;16.5;16.66;40.0;
501300.0;16.7;16.77;20.7;
501600.0;16.7;16.81;16.9;
501900.0;16.7;16.8;18.8;
502200.0;16.4;16.63;27.4;
502500.0;16.6;16.55;34.7;
502800.0;16.7;16.51;53.4;
503100.0;16.8;16.6;60.4;
503400.0;17.0;16.86;59.5;
503700.0;17.0;16.78;66.1;
504000.0;17.1;16.89;73.9;
504300.0;17.0;16.91;79.4;
504600.0;17.3;16.92;86.6;
504900.0;17.1;17.09;120.1;
505200.0;17.1;17.1;123.8;
505500.0;17.5;17.34;122.1;
505800.0;17.2;17.12;135.6;
506100.0;17.2;17.08;157.4;
506400.0;17.6;17.3;177.0;
506700.0;17.5;17.69;180.5;
507000.0;17.5;17.65;189.4;
507300.0;17.6;17.83;185.2;
507600.0;17.8;17.86;165.7;
507900.0;17.7;17.85;183.5;
508200.0;17.6;17.9;150.0;
508500.0;17.6;17.85;161.6;
508800.0;17.7;17.79;145.6;
509100.0;17.8;17.87;123.6;
509400.0;17.8;17.89;123.3;
509700.0;17.8;17.92;125.4;
510000.0;17.9;18.09;131.5;
510300.0;17.9;18.16;147.3;
510600.0;17.9;18.18;156.7;
510900.0;18.0;18.32;163.8;
511200.0;18.0;18.25;157.9;
511500.0;18.0;18.32;168.6;
511800.0;18.1;18.52;190.1;
512100.0;18.2;18.56;162.2;
512400.0;18.2;18.56;161.2;
512700.0;18.3;18.54;143.4;
513000.0;18.2;18.58;221.2;
513300.0;18.3;18.69;182.3;
513600.0;18.3;18.7;169.9;
513900.0;18.5;18.86;162.1;
514200.0;18.5;18.96;238.8;
514500.0;18.5;19.07;354.2;
514800.0;18.5;19.16;373.4;
515100.0;18.5;19.23;298.7;
515400.0;18.7;19.2;250.6;
515700.0;18.4;19.21;271.9;
516000.0;18.5;19.18;247.9;
516300.0;18.7;19.2;278.3;
516600.0;18.8;19.32;167.6;
516900.0;18.8;19.41;273.8;
517200.0;18.6;19.35;168.9;
517500.0;18.5;19.03;162.3;
517800.0;18.4;18.89;135.0;
518100.0;18.4;18.96;135.0;
518400.0;18.4;18.8;135.0;
518700.0;18.4;18.65;135.0;
519000.0;18.3;18.83;181.1;
519300.0;18.3;18.77;183.6;
519600.0;18.4;19.07;188.7;
519900.0;18.5;19.05;226.9;
520200.0;18.3;18.96;249.7;
520500.0;18.4;19.35;277.0;
520800.0;18.6;19.29;282.1;
521100.0;18.7;19.58;168.5;
521400.0;18.5;19.26;155.6;
521700.0;18.5;19.13;117.1;
522000.0;18.4;18.87;126.8;
522300.0;18.4;18.87;133.2;
522600.0;18.2;18.82;167.1;
522900.0;18.2;18.9;363.6;
523200.0;18.3;19.27;599.6;
523500.0;18.5;20.27;990.2;
523800.0;19.5;21.4;605.0;
524100.0;19.6;21.17;381.3;
524400.0;19.3;20.82;521.8;
524700.0;19.6;21.58;919.7;
525000.0;19.9;22.01;786.0;
525300.0;19.6;21.33;680.2;
525600.0;19.8;21.54;589.5;
525900.0;19.9;21.59;320.8;
526200.0;20.1;21.96;776.2;
526500.0;20.9;22.75;757.1;
526800.0;21.1;22.95;722.5;
527100.0;21.0;22.99;275.5;
527400.0;20.8;22.45;344.4;
527700.0;21.1;22.81;496.7;
528000.0;21.0;23.01;516.9;
528300.0;21.0;22.54;416.8;
528600.0;21.1;22.26;291.8;
528900.0;21.4;22.67;583.9;
529200.0;21.8;23.46;382.5;
529500.0;21.5;22.84;580.6;
529800.0;21.4;22.69;390.3;
530100.0;21.4;22.46;382.6;
530400.0;21.9;23.1;486.2;
530700.0;22.0;23.67;397.0;
531000.0;21.7;23.12;250.7;
531300.0;21.5;22.76;365.6;
531600.0;21.5;22.81;685.4;
531900.0;21.8;23.35;652.2;
532200.0;22.1;23.9;541.6;
532500.0;22.2;23.62;168.0;
532800.0;21.7;23.03;346.4;
533100.0;22.2;23.41;536.7;
533400.0;22.4;23.85;498.2;
533700.0;23.1;24.5;347.8;
534000.0;22.9;24.33;540.4;
534300.0;22.4;24.3;451.1;
534600.0;22.5;23.84;174.0;
534900.0;22.6;23.5;131.4;
535200.0;22.2;23.03;100.4;
535500.0;22.1;22.78;125.5;
535800.0;22.2;23.02;144.6;
536100.0;22.2;22.93;143.5;
536400.0;22.3;22.89;146.7;
536700.0;22.1;22.84;94.3;
537000.0;22.2;22.86;200.0;
537300.0;22.3;23.29;252.5;
537600.0;22.5;23.62;222.8;
537900.0;22.4;23.55;82.8;
538200.0;22.3;23.58;201.8;
538500.0;22.2;23.52;179.4;
538800.0;22.6;23.54;159.1;
539100.0;22.2;23.55;142.6;
539400.0;22.3;23.36;131.8;
539700.0;22.3;23.29;119.3;
540000.0;22.1;23.18;106.9;
540300.0;22.1;23.08;96.7;
540600.0;22.1;22.84;84.1;
540900.0;22.0;22.42;71.7;
541200.0;21.9;22.11;62.7;
541500.0;21.9;22.03;52.0;
541800.0;21.8;21.91;44.2;
542100.0;21.7;21.83;35.7;
542400.0;21.6;21.72;28.6;
542700.0;21.4;21.5;22.2;
543000.0;21.3;21.35;15.6;
543300.0;21.2;21.2;8.7;
543600.0;21.2;21.19;6.3;
543900.0;21.1;21.06;3.6;
544200.0;20.9;20.89;1.8;
544500.0;20.8;20.69;0.5;
544800.0;20.8;20.59;0.5;
545100.0;20.8;20.54;0.1;
545400.0;20.8;20.54;0.2;
545700.0;20.7;20.51;0.0;
546000.0;20.6;20.39;0.0;
546300.0;20.6;20.33;0.1;
546600.0;20.6;20.29;0.3;
546900.0;20.6;20.26;0.1;
547200.0;20.6;20.32;0.1;
547500.0;20.3;20.23;0.0;
547800.0;20.2;20.08;0.0;
548100.0;20.1;19.97;0.0;
548400.0;20.1;19.95;0.0;
548700.0;20.0;19.91;0.0;
549000.0;20.0;19.86;0.0;
549300.0;19.9;19.81;0.0;
549600.0;19.9;19.75;0.0;
549900.0;19.9;19.74;0.0;
550200.0;19.9;19.68;0.0;
550500.0;19.9;19.65;0.0;
550800.0;19.8;19.67;0.0;
551100.0;19.9;19.64;0.0;
551400.0;19.9;19.64;0.0;
551700.0;19.9;19.7;0.1;
552000.0;19.9;19.68;0.1;
552300.0;19.9;19.64;0.0;
552600.0;19.9;19.64;0.2;
552900.0;19.9;19.65;0.1;
553200.0;19.9;19.68;0.0;
553500.0;19.9;19.66;0.1;
553800.0;19.9;19.64;0.0;
554100.0;19.8;19.65;0.0;
554400.0;19.8;19.61;0.0;
554700.0;19.7;19.55;0.0;
555000.0;19.6;19.45;0.0;
555300.0;19.6;19.4;0.0;
555600.0;19.6;19.37;0.0;
555900.0;19.4;19.27;0.0;
556200.0;19.1;19.06;0.0;
556500.0;19.0;18.91;0.0;
556800.0;19.0;18.85;0.0;
557100.0;19.0;18.82;0.0;
557400.0;19.0;18.81;0.0;
557700.0;18.9;18.81;0.0;
558000.0;18.9;18.75;0.0;
558300.0;18.9;18.73;0.0;
558600.0;18.8;18.68;0.0;
558900.0;18.8;18.63;0.0;
559200.0;18.8;18.61;0.0;
559500.0;18.7;18.6;0.0;
559800.0;18.7;18.57;0.0;
560100.0;18.7;18.53;0.0;
560400.0;18.6;18.48;0.0;
560700.0;18.6;18.45;0.0;
561000.0;18.6;18.42;0.0;
561300.0;18.6;18.43;0.0;
561600.0;18.5;18.38;0.0;
561900.0;18.5;18.33;0.0;
562200.0;18.5;18.3;0.0;
562500.0;18.4;18.27;0.0;
562800.0;18.4;18.22;0.0;
563100.0;18.3;18.14;0.0;
563400.0;18.3;18.11;0.0;
563700.0;18.3;18.09;0.0;
564000.0;18.3;18.06;0.0;
564300.0;18.3;18.09;0.0;
564600.0;18.4;18.13;0.0;
564900.0;18.3;18.07;0.0;
565200.0;18.3;18.11;0.0;
565500.0;18.4;18.09;0.2;
565800.0;18.4;18.08;0.0;
566100.0;18.4;18.11;0.0;
566400.0;18.4;18.13;0.0;
566700.0;18.6;18.26;1.0;
567000.0;18.5;18.16;0.0;
567300.0;18.4;18.03;0.0;
567600.0;18.1;17.77;0.0;
567900.0;17.9;17.51;0.0;
568200.0;17.6;17.24;0.0;
568500.0;17.5;17.09;0.0;
568800.0;17.3;16.96;0.0;
569100.0;17.3;16.99;0.0;
569400.0;17.2;16.86;0.0;
569700.0;17.1;16.83;0.0;
570000.0;17.1;16.73;0.0;
570300.0;17.0;16.63;0.0;
570600.0;16.9;16.56;0.0;
570900.0;16.9;16.43;0.0;
571200.0;16.9;16.37;0.0;
571500.0;16.8;16.36;0.0;
571800.0;16.8;16.32;0.1;
572100.0;16.8;16.24;0.1;
572400.0;16.7;16.2;0.0;
572700.0;16.6;16.2;0.2;
573000.0;16.5;16.15;1.0;
573300.0;16.5;16.06;0.9;
573600.0;16.4;16.05;0.0;
573900.0;16.4;16.03;0.0;
574200.0;16.4;16.06;0.2;
574500.0;16.3;16.04;0.0;
574800.0;16.3;16.02;0.0;
575100.0;16.2;15.98;0.0;
575400.0;16.1;15.92;0.0;
575700.0;16.0;15.9;0.1;
576000.0;15.9;15.79;0.0;
576300.0;15.8;15.7;2.1;
576600.0;15.7;15.62;0.9;
576900.0;15.8;15.5;1.5;
577200.0;15.9;15.42;3.2;
577500.0;15.9;15.46;4.8;
577800.0;15.9;15.48;9.3;
578100.0;15.9;15.52;13.7;
578400.0;15.9;15.5;17.0;
578700.0;15.7;15.49;20.0;
579000.0;15.7;15.48;23.4;
579300.0;15.7;15.45;28.8;
579600.0;15.7;15.45;35.4;
579900.0;15.6;15.48;47.1;
580200.0;15.8;15.54;66.8;
580500.0;15.8;15.59;70.4;
580800.0;15.9;15.66;106.9;
581100.0;16.2;15.78;85.9;
581400.0;16.4;15.83;64.9;
581700.0;16.4;15.9;75.6;
582000.0;16.4;15.99;101.4;
582300.0;16.4;16.1;97.6;
582600.0;16.4;16.25;129.0;
582900.0;16.4;16.3;133.1;
583200.0;16.3;16.22;109.2;
583500.0;16.3;16.23;149.9;
583800.0;16.7;16.31;165.9;
584100.0;16.8;16.53;260.6;
584400.0;17.6;16.75;288.3;
584700.0;17.7;16.99;317.3;
585000.0;17.6;17.14;332.3;
585300.0;17.9;17.26;280.9;
585600.0;18.1;17.5;258.3;
585900.0;18.2;17.86;370.5;
586200.0;18.0;17.86;255.0;
586500.0;18.1;17.88;297.8;
586800.0;18.3;18.05;355.1;
587100.0;18.3;18.19;216.3;
587400.0;18.2;18.44;300.0;
587700.0;18.0;18.78;481.6;
588000.0;18.8;19.64;368.8;
588300.0;18.6;20.0;470.8;
588600.0;18.9;20.11;390.0;
588900.0;19.2;20.07;292.9;
589200.0;19.1;20.34;258.6;
589500.0;19.2;20.43;362.1;
589800.0;19.5;21.09;400.5;
590100.0;19.9;21.66;571.7;
590400.0;20.0;22.27;565.6;
590700.0;20.0;22.84;565.6;
591000.0;20.0;22.89;565.6;
591300.0;20.8;22.66;594.5;
591600.0;21.0;21.9;402.2;
591900.0;20.7;21.98;612.9;
592200.0;21.6;22.78;629.8;
592500.0;21.9;23.69;651.4;
592800.0;21.8;23.86;468.0;
593100.0;21.8;23.92;566.8;
593400.0;21.9;23.63;574.8;
593700.0;22.2;23.64;673.9;
594000.0;22.6;24.28;686.7;
594300.0;23.2;24.79;697.6;
594600.0;22.7;25.15;678.2;
594900.0;22.8;24.99;720.6;
595200.0;23.1;24.78;744.3;
595500.0;23.3;25.31;775.6;
595800.0;23.1;24.77;667.9;
596100.0;22.9;25.33;826.1;
596400.0;23.0;24.63;790.0;
596700.0;23.1;24.76;596.3;
597000.0;23.2;24.86;706.1;
597300.0;23.1;25.0;209.0;
597600.0;23.3;25.08;794.4;
597900.0;24.0;25.34;240.9;
598200.0;23.5;24.94;283.7;
598500.0;23.4;24.63;354.9;
598800.0;23.6;25.25;404.7;
599100.0;24.3;26.32;470.5;
599400.0;24.1;26.4;887.3;
599700.0;24.2;26.35;508.3;
600000.0;24.6;25.97;908.7;
600300.0;24.3;26.58;892.4;
600600.0;24.7;27.0;916.9;
600900.0;25.0;26.71;913.3;
601200.0;24.6;26.6;904.8;
601500.0;24.6;26.37;869.0;
601800.0;25.1;25.98;388.3;
602100.0;25.0;26.52;953.5;
602400.0;24.8;26.73;290.9;
602700.0;25.0;27.21;1022.0;
603000.0;25.3;27.17;1067.9;
603300.0;25.5;27.79;550.8;
603600.0;25.1;27.81;321.3;
603900.0;25.2;27.2;246.5;
604200.0;24.9;26.14;407.0;
604500.0;25.0;26.05;365.5;
604800.0;25.2;26.39;302.5;
605100.0;25.6;27.45;1050.9;
605400.0;26.0;27.51;521.9;
605700.0;25.4;27.47;407.0;
606000.0;25.1;27.18;302.2;
606300.0;25.3;27.17;244.6;
606600.0;25.5;26.87;200.3;
606900.0;25.2;26.63;260.6;
607200.0;25.1;26.9;371.5;
607500.0;25.6;27.42;384.5;
607800.0;25.5;27.39;596.2;
608100.0;25.8;27.25;974.8;
608400.0;26.0;27.49;742.8;
608700.0;25.8;27.37;309.3;
609000.0;25.9;27.35;231.9;
609300.0;25.7;26.98;212.8;
609600.0;25.7;26.74;263.6;
609900.0;25.9;27.72;1007.5;
610200.0;26.7;28.17;949.5;
610500.0;27.3;29.11;963.6;
610800.0;27.6;29.08;946.3;
611100.0;27.1;28.96;959.9;
611400.0;26.6;28.64;968.7;
611700.0;26.6;27.68;988.8;
612000.0;26.8;28.02;343.4;
612300.0;26.4;27.63;330.1;
612600.0;26.5;27.69;273.2;
612900.0;26.4;27.73;277.4;
613200.0;26.4;27.16;316.3;
613500.0;26.6;27.3;182.1;
613800.0;26.3;27.57;208.1;
614100.0;26.4;27.56;233.8;
614400.0;26.5;27.55;283.4;
614700.0;26.5;27.78;250.1;
615000.0;26.3;27.66;206.8;
615300.0;26.5;27.49;259.2;
615600.0;26.6;27.82;765.2;
615900.0;27.4;28.64;650.4;
616200.0;26.7;27.86;667.5;
616500.0;26.9;27.89;190.8;
616800.0;26.8;27.74;165.6;
617100.0;26.4;27.31;227.5;
617400.0;26.6;27.65;229.4;
617700.0;26.8;27.7;250.3;
618000.0;26.8;27.55;215.4;
618300.0;26.8;27.48;233.6;
618600.0;26.7;27.63;314.5;
618900.0;26.9;28.3;253.7;
619200.0;27.4;28.67;271.9;
619500.0;27.2;28.62;275.5;
619800.0;27.0;27.97;178.9;
620100.0;27.0;27.79;238.9;
620400.0;26.9;27.5;177.1;
620700.0;26.8;27.58;157.8;
621000.0;26.9;27.82;177.2;
621300.0;26.9;27.9;175.0;
621600.0;27.0;27.69;186.9;
621900.0;26.9;27.37;188.6;
622200.0;27.1;27.77;333.4;
622500.0;27.3;28.31;282.3;
622800.0;27.2;28.26;293.0;
623100.0;27.2;28.56;254.9;
623400.0;27.6;28.65;259.2;
623700.0;27.3;28.65;124.7;
624000.0;27.1;28.27;99.0;
624300.0;26.9;27.91;79.4;
624600.0;26.8;27.49;85.4;
624900.0;26.7;27.29;64.8;
625200.0;26.6;27.02;74.7;
625500.0;26.7;27.08;163.8;
625800.0;26.7;27.36;68.7;
626100.0;26.7;27.49;91.0;
626400.0;26.6;27.34;62.2;
626700.0;26.5;27.19;43.4;
627000.0;26.3;26.96;30.9;
627300.0;26.2;26.64;55.0;
627600.0;26.2;26.43;53.1;
627900.0;26.1;26.26;31.5;
628200.0;26.0;26.11;44.4;
628500.0;25.9;25.96;20.5;
628800.0;25.7;25.81;11.4;
629100.0;25.7;25.69;8.3;
629400.0;25.5;25.54;5.8;
629700.0;25.5;25.47;4.6;
630000.0;25.4;25.36;3.1;
630300.0;25.5;25.27;2.5;
630600.0;25.4;25.21;0.9;
630900.0;25.4;25.22;0.0;
631200.0;25.4;25.2;0.1;
631500.0;25.3;25.16;0.0;
631800.0;25.2;25.09;0.0;
632100.0;25.2;25.05;0.0;
632400.0;25.2;25.06;0.0;
632700.0;25.2;24.99;0.0;
633000.0;25.2;24.98;0.0;
633300.0;25.2;24.99;0.0;
633600.0;25.2;24.94;0.0;
633900.0;25.2;24.92;0.0;
634200.0;25.2;24.9;0.0;
634500.0;25.1;24.82;0.0;
634800.0;25.0;24.78;0.0;
635100.0;25.0;24.74;0.0;
635400.0;25.0;24.7;0.0;
635700.0;25.0;24.64;0.0;
636000.0;25.0;24.7;0.0;
636300.0;24.9;24.64;0.0;
636600.0;24.7;24.48;0.0;
636900.0;24.2;24.23;0.0;
637200.0;23.6;23.68;0.0;
637500.0;23.3;23.33;0.0;
637800.0;23.1;23.0;0.0;
638100.0;23.0;22.78;0.0;
638400.0;22.9;22.63;0.0;
638700.0;22.8;22.59;0.3;
639000.0;22.8;22.45;0.2;
639300.0;23.0;22.24;0.6;
639600.0;22.5;22.07;0.0;
639900.0;22.3;21.95;0.0;
640200.0;22.5;21.79;0.0;
640500.0;22.1;21.71;0.0;
640800.0;21.9;21.61;0.0;
641100.0;21.9;21.48;0.0;
641400.0;21.8;21.34;0.0;
641700.0;21.7;21.36;0.8;
642000.0;21.6;21.26;0.0;
642300.0;21.3;21.12;0.0;
642600.0;21.2;20.97;0.0;
642900.0;21.1;20.84;0.0;
643200.0;21.0;20.75;0.0;
643500.0;20.8;20.61;0.0;
643800.0;20.8;20.54;0.0;
644100.0;20.8;20.47;0.0;
644400.0;20.7;20.37;0.0;
644700.0;20.7;20.35;0.0;
645000.0;20.7;20.26;0.0;
645300.0;20.7;20.2;0.7;
645600.0;20.6;20.12;1.4;
645900.0;20.5;20.05;0.1;
646200.0;20.4;20.01;0.1;
646500.0;20.3;19.97;0.9;
646800.0;20.2;19.93;0.3;
647100.0;20.2;19.85;0.1;
647400.0;20.1;19.77;0.0;
647700.0;20.1;19.65;0.0;
648000.0;20.0;19.65;0.0;
648300.0;19.9;19.69;0.6;
648600.0;19.9;19.63;0.8;
648900.0;19.8;19.51;1.4;
649200.0;19.6;19.47;0.7;
649500.0;19.5;19.39;0.1;
649800.0;19.5;19.34;0.0;
650100.0;19.4;19.24;0.8;
650400.0;19.5;19.26;0.9;
650700.0;19.4;19.27;1.0;
651000.0;19.3;19.23;0.1;
651300.0;19.4;19.2;0.4;
651600.0;19.3;19.27;0.5;
651900.0;19.6;19.27;1.2;
652200.0;19.4;19.27;0.5;
652500.0;19.3;19.28;1.2;
652800.0;19.3;19.24;0.7;
653100.0;19.3;19.19;0.4;
653400.0;19.2;19.15;0.1;
653700.0;19.1;19.1;0.0;
654000.0;19.1;19.03;0.0;
654300.0;19.0;18.92;0.0;
654600.0;19.0;18.88;0.0;
654900.0;19.1;18.77;0.0;
655200.0;19.0;18.69;0.0;
655500.0;18.9;18.64;1.4;
655800.0;18.8;18.66;2.0;
656100.0;18.7;18.68;1.2;
656400.0;18.5;18.56;0.5;
656700.0;18.5;18.47;0.5;
657000.0;18.5;18.51;0.3;
657300.0;18.3;18.44;0.0;
657600.0;18.5;18.45;0.0;
657900.0;18.4;18.46;0.0;
658200.0;18.5;18.46;0.0;
658500.0;18.4;18.46;0.0;
658800.0;18.5;18.47;0.1;
659100.0;18.4;18.47;0.0;
659400.0;18.5;18.51;0.0;
659700.0;18.4;18.49;0.0;
660000.0;18.4;18.43;0.0;
660300.0;18.3;18.35;0.0;
660600.0;18.2;18.25;0.0;
660900.0;18.2;18.26;0.1;
661200.0;18.2;18.21;0.1;
661500.0;18.2;18.21;0.0;
661800.0;18.2;18.16;0.0;
662100.0;18.1;18.12;0.0;
662400.0;18.0;18.03;0.0;
662700.0;18.0;18.03;1.3;
663000.0;18.0;17.99;3.8;
663300.0;18.0;18.03;7.4;
663600.0;18.0;18.06;15.0;
663900.0;18.0;18.07;25.7;
664200.0;18.1;18.1;22.6;
664500.0;18.1;18.11;18.1;
664800.0;18.2;18.18;30.4;
665100.0;18.3;18.29;36.5;
665400.0;18.4;18.33;31.1;
665700.0;18.3;18.3;17.0;
666000.0;18.3;18.29;19.6;
666300.0;18.3;18.31;24.2;
666600.0;18.3;18.35;27.8;
666900.0;18.4;18.4;30.8;
667200.0;18.5;18.46;33.5;
667500.0;18.4;18.43;42.7;
667800.0;18.3;18.45;51.0;
668100.0;18.3;18.35;57.6;
668400.0;18.1;18.19;68.6;
668700.0;18.1;18.16;78.6;
669000.0;18.1;18.24;83.7;
669300.0;18.2;18.19;73.1;
669600.0;18.4;18.3;82.2;
669900.0;18.4;18.44;93.8;
670200.0;18.4;18.58;116.7;
670500.0;18.7;18.8;253.7;
670800.0;18.9;18.95;308.4;
671100.0;19.3;19.24;348.5;
671400.0;19.5;19.52;195.8;
671700.0;19.5;19.62;229.5;
672000.0;19.8;19.94;338.9;
672300.0;20.4;20.3;225.0;
672600.0;20.1;20.44;314.2;
672900.0;20.4;20.78;384.1;
673200.0;21.1;21.15;456.6;
673500.0;21.9;21.76;297.5;
673800.0;21.7;22.03;304.4;
674100.0;21.7;22.25;243.1;
674400.0;22.2;22.59;205.6;
674700.0;22.9;23.05;197.3;
675000.0;23.1;23.33;197.4;
675300.0;23.4;23.53;192.7;
675600.0;23.6;23.8;245.1;
675900.0;23.7;24.05;198.1;
676200.0;23.9;24.18;215.0;
676500.0;24.1;24.42;235.6;
676800.0;24.3;24.61;219.3;
677100.0;24.4;24.68;225.3;
677400.0;24.4;24.76;222.9;
677700.0;24.6;24.85;268.7;
678000.0;25.0;25.27;325.3;
678300.0;25.0;25.56;328.6;
678600.0;25.3;25.81;291.7;
678900.0;25.6;26.12;285.6;
679200.0;25.7;26.18;352.9;
679500.0;26.1;26.74;756.8;
679800.0;26.4;27.1;467.6;
680100.0;26.8;27.56;367.8;
680400.0;26.9;27.6;369.8;
680700.0;26.9;27.63;337.0;
681000.0;26.9;27.67;280.4;
681300.0;27.1;27.63;287.7;
681600.0;27.0;27.66;300.2;
681900.0;26.7;27.29;228.2;
682200.0;26.7;27.17;202.9;
682500.0;26.5;26.97;189.4;
682800.0;26.6;26.97;185.3;
683100.0;26.6;27.12;209.9;
683400.0;26.6;27.14;206.3;
683700.0;26.8;27.33;260.1;
684000.0;26.7;27.21;299.1;
684300.0;26.9;27.42;302.2;
684600.0;26.9;27.46;303.4;
684900.0;26.9;27.41;359.0;
685200.0;27.1;27.86;267.0;
685500.0;27.2;27.93;282.9;
685800.0;27.0;27.71;328.1;
686100.0;27.1;27.81;232.1;
686400.0;27.3;27.82;190.3;
686700.0;26.9;27.47;181.5;
687000.0;26.5;27.0;246.2;
687300.0;26.0;26.67;594.3;
687600.0;26.4;27.24;885.4;
687900.0;27.0;27.94;540.4;
688200.0;27.3;28.25;854.7;
688500.0;27.5;28.91;910.8;
688800.0;28.4;29.43;916.4;
689100.0;28.4;29.53;827.0;
689400.0;29.1;30.17;925.5;
689700.0;28.3;29.67;977.9;
690000.0;28.8;29.93;846.6;
690300.0;29.1;30.27;943.7;
690600.0;28.9;30.18;921.2;
690900.0;29.0;30.1;947.9;
691200.0;29.1;30.32;358.2;
691500.0;29.2;30.01;199.2;
691800.0;29.1;29.92;233.5;
692100.0;29.0;29.72;239.7;
692400.0;29.1;29.86;555.5;
692700.0;29.3;30.28;585.4;
693000.0;29.9;30.99;385.3;
693300.0;30.1;31.2;1070.1;
693600.0;30.2;31.29;248.7;
693900.0;30.6;31.38;902.3;
694200.0;30.2;30.97;531.9;
694500.0;30.8;31.53;470.5;
694800.0;30.3;31.13;879.9;
695100.0;30.6;31.41;907.2;
695400.0;30.4;31.37;681.6;
695700.0;31.1;31.89;884.1;
696000.0;30.9;31.74;365.0;
696300.0;31.2;31.95;850.8;
696600.0;31.1;32.32;824.0;
696900.0;31.3;32.37;403.9;
697200.0;31.5;32.23;728.2;
697500.0;32.0;32.81;756.1;
697800.0;32.1;32.92;753.5;
698100.0;32.0;32.98;804.9;
698400.0;32.5;33.33;776.5;
698700.0;32.3;33.45;757.5;
699000.0;32.5;33.36;749.0;
699300.0;32.6;33.62;698.5;
699600.0;32.3;33.1;750.0;
699900.0;32.4;33.07;649.4;
700200.0;32.8;33.46;713.3;
700500.0;32.6;33.77;217.3;
700800.0;32.4;33.12;250.0;
701100.0;32.5;33.08;505.3;
701400.0;32.5;33.1;234.8;
701700.0;32.1;32.67;166.6;
702000.0;31.9;32.38;128.2;
702300.0;31.5;31.91;120.7;
702600.0;31.5;31.89;286.3;
702900.0;31.7;32.24;244.5;
703200.0;32.0;32.39;112.1;
703500.0;31.8;32.21;22.7;
703800.0;31.3;31.5;33.3;
704100.0;30.7;30.93;67.6;
704400.0;28.9;29.28;69.3;
704700.0;28.4;28.73;37.5;
705000.0;28.2;28.5;28.4;
705300.0;28.1;28.37;16.2;
705600.0;25.4;26.39;3.7;
705900.0;24.1;24.87;14.8;
706200.0;23.6;24.24;39.3;
706500.0;22.9;23.03;40.8;
706800.0;22.5;22.51;99.1;
707100.0;22.7;22.71;154.8;
707400.0;23.1;23.04;83.5;
707700.0;23.3;23.25;144.7;
708000.0;23.2;23.36;149.1;
708300.0;23.5;23.55;88.0;
708600.0;23.7;23.73;54.2;
708900.0;23.6;23.61;37.4;
709200.0;23.5;23.51;4.2;
709500.0;22.9;22.73;6.5;
709800.0;22.0;21.99;31.2;
710100.0;21.8;21.87;70.2;
710400.0;22.2;21.95;42.4;
710700.0;22.2;22.03;19.1;
711000.0;22.5;22.11;11.7;
711300.0;22.7;22.28;5.6;
711600.0;22.5;22.12;8.7;
711900.0;21.8;21.48;11.7;
712200.0;21.5;21.31;22.1;
712500.0;21.7;21.41;71.9;
712800.0;21.8;21.67;107.1;
713100.0;21.8;21.7;47.8;
713400.0;21.9;21.72;32.6;
713700.0;22.0;21.83;25.3;
714000.0;22.1;21.87;14.7;
714300.0;22.2;21.93;9.8;
714600.0;22.3;22.01;11.2;
714900.0;22.3;21.97;11.3;
715200.0;22.4;22.0;11.5;
715500.0;22.4;22.06;15.9;
715800.0;22.3;22.08;10.1;
716100.0;22.3;21.96;5.5;
716400.0;22.3;21.97;3.6;
716700.0;22.3;22.03;2.8;
717000.0;22.2;21.95;2.2;
717300.0;22.2;21.93;2.1;
717600.0;22.2;21.92;1.4;
717900.0;22.3;21.94;2.0;
718200.0;22.4;21.95;3.3;
718500.0;22.4;22.01;1.7;
718800.0;22.4;22.09;2.2;
719100.0;22.3;22.07;2.2;
719400.0;22.3;22.06;1.8;
719700.0;22.3;22.03;1.1;
720000.0;22.3;21.99;2.0;
720300.0;22.3;21.94;2.1;
720600.0;22.2;21.93;2.2;
720900.0;22.2;22.0;2.8;
721200.0;22.3;22.03;2.8;
721500.0;22.3;22.07;2.9;
721800.0;22.3;22.03;1.3;
722100.0;22.3;22.01;1.4;
722400.0;22.2;22.03;2.3;
722700.0;22.2;21.95;2.4;
723000.0;22.1;21.94;2.7;
723300.0;22.2;21.94;2.3;
723600.0;22.1;21.92;2.9;
723900.0;22.1;21.91;2.1;
724200.0;22.0;21.87;1.1;
724500.0;21.9;21.81;0.1;
724800.0;21.8;21.71;0.9;
725100.0;21.7;21.69;1.1;
725400.0;21.7;21.62;0.9;
725700.0;21.7;21.6;0.8;
726000.0;21.7;21.57;0.6;
726300.0;21.7;21.56;0.1;
726600.0;21.7;21.54;0.0;
726900.0;21.7;21.49;0.0;
727200.0;21.7;21.44;0.4;
727500.0;21.6;21.4;0.5;
727800.0;21.4;21.32;0.5;
728100.0;21.3;21.27;0.7;
728400.0;21.4;21.26;0.7;
728700.0;21.4;21.32;2.0;
729000.0;21.6;21.39;1.1;
729300.0;21.7;21.46;0.8;
729600.0;21.6;21.41;1.1;
729900.0;21.6;21.39;1.6;
730200.0;21.6;21.32;0.3;
730500.0;21.5;21.32;0.4;
730800.0;21.5;21.35;1.2;
731100.0;21.5;21.33;0.5;
731400.0;21.5;21.26;0.0;
731700.0;21.5;21.27;0.3;
732000.0;21.5;21.24;0.0;
732300.0;21.4;21.16;0.1;
732600.0;21.3;21.08;0.0;
732900.0;21.2;21.06;0.0;
733200.0;21.1;21.01;0.0;
733500.0;21.2;20.92;0.0;
733800.0;21.2;20.94;0.1;
734100.0;21.2;20.94;0.0;
734400.0;21.1;20.97;0.4;
734700.0;21.2;20.96;0.7;
735000.0;21.2;20.97;0.3;
735300.0;21.2;20.96;0.3;
735600.0;21.2;20.95;0.0;
735900.0;21.1;20.93;0.0;
736200.0;21.2;21.01;0.4;
736500.0;21.2;21.02;0.0;
736800.0;21.1;20.99;0.0;
737100.0;21.1;20.95;0.0;
737400.0;21.0;20.88;0.0;
737700.0;21.0;20.83;0.0;
738000.0;20.8;20.74;0.0;
738300.0;20.8;20.69;0.0;
738600.0;20.7;20.61;0.0;
738900.0;20.7;20.56;0.0;
739200.0;20.6;20.47;0.0;
739500.0;20.6;20.51;0.0;
739800.0;20.6;20.4;0.0;
740100.0;20.5;20.4;0.0;
740400.0;20.4;20.29;0.0;
740700.0;20.3;20.21;0.0;
741000.0;20.3;20.15;0.0;
741300.0;20.2;20.07;0.0;
741600.0;20.2;19.99;0.0;
741900.0;20.1;19.96;0.0;
742200.0;20.1;19.95;0.0;
742500.0;20.1;19.89;0.0;
742800.0;20.0;19.85;0.0;
743100.0;19.9;19.78;0.0;
743400.0;19.8;19.65;0.0;
743700.0;19.7;19.57;0.0;
744000.0;19.7;19.58;0.0;
744300.0;19.7;19.54;0.0;
744600.0;19.7;19.54;0.0;
744900.0;19.6;19.42;0.0;
745200.0;19.5;19.42;0.0;
745500.0;19.6;19.45;0.0;
745800.0;19.6;19.45;0.0;
746100.0;19.8;19.51;0.0;
746400.0;19.7;19.55;0.0;
746700.0;19.7;19.51;0.0;
747000.0;19.7;19.48;0.0;
747300.0;19.7;19.44;0.0;
747600.0;19.6;19.36;0.0;
747900.0;19.5;19.35;0.0;
748200.0;19.6;19.4;0.0;
748500.0;19.5;19.31;0.0;
748800.0;19.6;19.32;0.0;
749100.0;19.5;19.31;0.0;
749400.0;19.4;19.23;0.0;
749700.0;19.4;19.14;0.1;
750000.0;19.3;19.09;0.8;
750300.0;19.3;19.14;1.6;
750600.0;19.3;19.13;2.6;
750900.0;19.3;19.14;4.1;
751200.0;19.3;19.14;6.4;
751500.0;19.2;19.04;9.8;
751800.0;19.1;18.98;14.6;
752100.0;19.1;19.02;21.3;
752400.0;19.2;19.06;25.6;
752700.0;19.2;19.05;31.1;
753000.0;19.1;19.06;33.8;
753300.0;19.1;19.03;39.2;
753600.0;19.1;19.01;44.8;
753900.0;19.1;19.03;51.5;
754200.0;19.1;19.02;59.2;
754500.0;19.1;19.08;73.2;
754800.0;19.2;19.19;73.1;
755100.0;19.3;19.22;72.0;
755400.0;19.2;19.24;80.9;
755700.0;19.3;19.25;85.6;
756000.0;19.3;19.29;95.9;
756300.0;19.3;19.36;113.7;
756600.0;19.4;19.45;143.2;
756900.0;19.4;19.55;140.3;
757200.0;19.5;19.61;161.2;
757500.0;19.5;19.65;149.0;
757800.0;19.6;19.71;142.5;
758100.0;19.5;19.71;140.5;
758400.0;19.6;19.69;123.5;
758700.0;19.5;19.66;104.3;
759000.0;19.5;19.59;101.6;
759300.0;19.5;19.59;151.3;
759600.0;19.5;19.64;171.1;
759900.0;19.6;19.74;149.5;
760200.0;19.5;19.75;164.4;
760500.0;19.6;19.77;201.7;
760800.0;19.6;19.8;319.0;
761100.0;19.8;20.04;245.5;
761400.0;19.8;20.13;185.7;
761700.0;19.8;20.14;260.8;
762000.0;19.9;20.38;446.6;
762300.0;20.0;20.99;531.2;
762600.0;20.0;20.92;182.8;
762900.0;20.2;21.37;637.8;
763200.0;20.6;21.71;614.6;
763500.0;21.0;22.51;645.1;
763800.0;20.4;21.69;515.2;
764100.0;20.3;21.34;611.1;
764400.0;20.5;21.57;486.6;
764700.0;20.6;21.63;387.6;
765000.0;20.7;21.51;358.8;
765300.0;20.8;22.01;618.1;
765600.0;21.1;22.22;411.7;
765900.0;21.0;22.17;887.2;
766200.0;21.3;22.64;771.2;
766500.0;21.3;22.76;546.9;
766800.0;21.1;22.25;403.2;
767100.0;21.3;22.45;538.1;
767400.0;21.5;22.73;346.3;
767700.0;21.3;22.3;268.4;
768000.0;21.3;22.31;364.4;
768300.0;21.1;22.12;1004.4;
768600.0;21.3;22.53;944.2;
768900.0;21.5;22.88;964.8;
769200.0;21.7;23.59;1040.1;
769500.0;22.0;23.77;293.1;
769800.0;21.8;23.67;852.8;
770100.0;21.9;23.17;319.4;
770400.0;22.4;23.82;749.6;
770700.0;22.5;24.05;617.4;
771000.0;22.9;24.41;906.8;
771300.0;22.8;24.2;662.2;
771600.0;22.7;24.12;849.8;
771900.0;22.9;24.33;477.2;
772200.0;22.7;24.18;253.4;
772500.0;22.4;23.66;479.4;
772800.0;22.6;24.1;951.7;
773100.0;22.9;24.58;281.9;
773400.0;22.6;24.12;888.6;
773700.0;22.7;24.52;934.7;
774000.0;23.0;24.82;923.1;
774300.0;23.1;25.01;380.5;
774600.0;22.8;24.43;1027.5;
774900.0;23.1;24.22;356.4;
775200.0;23.3;24.65;325.7;
775500.0;23.0;24.47;1058.7;
775800.0;23.1;24.54;541.3;
776100.0;23.4;24.91;749.7;
776400.0;23.5;25.3;937.8;
776700.0;23.5;25.46;945.3;
777000.0;23.7;25.72;297.9;
777300.0;23.8;25.46;665.5;
777600.0;23.9;25.49;964.9;
