time;AirTemperatureWs;AirTemperatureEE;GlobalRadianceWs
0.0;11.49;27.14;890.0
300.0;11.49;27.14;890.0
600.0;11.26;27.14;890.0
900.0;11.92;27.14;890.0
1200.0;11.92;27.14;890.0
1500.0;11.92;27.14;890.0
1800.0;11.93;27.14;890.0
2100.0;11.93;27.14;890.0
2400.0;12.09;27.14;890.0
2700.0;12.24;27.14;890.0
3000.0;12.24;27.14;890.0
3300.0;12.24;27.14;890.0
3600.0;12.24;27.14;890.0
3900.0;12.26;27.14;890.0
4200.0;12.26;27.14;890.0
4500.0;12.22;27.14;890.0
4800.0;12.22;27.14;890.0
5100.0;12.21;27.14;890.0
5400.0;12.21;27.14;890.0
5700.0;11.62;27.14;890.0
6000.0;11.62;27.14;890.0
6300.0;11.62;27.14;890.0
6600.0;11.62;27.14;890.0
6900.0;11.62;27.14;890.0
7200.0;11.62;27.14;890.0
7500.0;11.62;27.14;890.0
7800.0;11.43;27.14;890.0
8100.0;11.43;27.14;890.0
8400.0;11.43;27.14;890.0
8700.0;12.05;27.14;890.0
9000.0;13;27.14;890.0
9300.0;13;27.14;890.0
9600.0;11.98;27.14;890.0
9900.0;11.98;27.14;890.0
10200.0;11.98;27.14;890.0
10500.0;11.98;27.14;890.0
10800.0;11.01;27.14;890.0
11100.0;11.01;27.14;890.0
11400.0;10.34;27.14;890.0
11700.0;10.15;27.14;890.0
12000.0;10.15;27.14;890.0
12300.0;10.15;27.14;890.0
12600.0;10.98;27.14;890.0
12900.0;11.95;27.14;890.0
13200.0;11.64;27.14;890.0
13500.0;9.52;27.14;890.0
13800.0;9.52;27.14;890.0
14100.0;9.52;27.14;890.0
14400.0;8.74;27.14;890.0
14700.0;8.74;27.14;890.0
15000.0;8.46;27.14;890.0
15300.0;8.46;27.14;890.0
15600.0;8.46;27.14;890.0
15900.0;8.46;27.14;890.0
16200.0;8.32;27.14;890.0
16500.0;8.63;27.14;890.0
16800.0;8.08;27.14;890.0
17100.0;8.05;27.14;890.0
17400.0;8.05;27.14;890.0
17700.0;7.9;27.14;890.0
18000.0;7.9;27.14;890.0
18300.0;7.4;27.14;890.0
18600.0;7.05;27.14;890.0
18900.0;7.05;27.14;890.0
19200.0;7.05;27.14;890.0
19500.0;7.05;27.14;890.0
19800.0;6.91;27.14;890.0
20100.0;6.57;27.14;890.0
20400.0;5.64;27.14;890.0
20700.0;5.64;27.14;890.0
21000.0;5.64;27.14;890.0
21300.0;5.5;27.14;890.0
21600.0;6.27;27.14;890.0
21900.0;6.27;27.14;890.0
22200.0;6.11;27.14;890.0
22500.0;6.11;27.14;890.0
22800.0;6.11;27.14;890.0
23100.0;5.96;27.14;890.0
23400.0;5.96;27.14;890.0
23700.0;5.96;27.14;890.0
24000.0;5.96;27.14;890.0
24300.0;5.96;27.14;890.0
24600.0;5.59;27.14;890.0
24900.0;5.59;27.14;890.0
25200.0;5.59;27.14;890.0
25500.0;5.59;27.14;890.0
25800.0;4.81;27.14;890.0
26100.0;4.81;27.14;890.0
26400.0;4.81;27.14;890.0
26700.0;4.81;27.14;890.0
27000.0;4.67;27.14;890.0
27300.0;4.44;27.14;890.0
27600.0;4.3;27.14;890.0
27900.0;4.3;27.14;890.0
28200.0;4.3;27.14;890.0
28500.0;4.3;27.14;890.0
28800.0;4.3;27.14;890.0
29100.0;4.3;27.14;890.0
29400.0;4.84;27.14;890.0
29700.0;4.84;27.14;890.0
30000.0;4.84;27.14;890.0
30300.0;4.84;27.14;890.0
30600.0;4.84;27.14;890.0
30900.0;5.12;27.14;890.0
31200.0;5.12;27.14;890.0
31500.0;5.12;27.14;890.0
31800.0;5.12;27.14;890.0
32100.0;5.12;27.14;890.0
32400.0;4.47;27.14;890.0
32700.0;4.47;27.14;890.0
33000.0;4.49;27.14;890.0
33300.0;4.49;27.14;890.0
33600.0;4.59;27.14;890.0
33900.0;4.45;27.14;890.0
34200.0;4.45;27.14;890.0
34500.0;4.48;27.14;890.0
34800.0;4.28;27.14;890.0
35100.0;4.23;27.14;890.0
35400.0;4.23;27.14;890.0
35700.0;4.23;27.14;890.0
36000.0;4.23;27.14;890.0
36300.0;4.23;27.14;890.0
36600.0;4.05;27.14;890.0
36900.0;4.05;27.14;890.0
37200.0;4.05;27.14;890.0
37500.0;4.05;27.14;890.0
37800.0;4.05;27.14;890.0
38100.0;4.5;27.14;890.0
38400.0;4.5;27.14;890.0
38700.0;4.5;27.14;890.0
39000.0;4.5;27.14;890.0
39300.0;4.5;27.14;890.0
39600.0;4.5;27.14;890.0
39900.0;4.5;27.14;890.0
40200.0;5.17;27.14;890.0
40500.0;5.19;27.14;890.0
40800.0;5.19;27.14;890.0
41100.0;5.19;27.14;890.0
41400.0;5.19;27.14;890.0
41700.0;4.71;27.14;890.0
42000.0;4.74;27.14;890.0
42300.0;4.68;27.14;890.0
42600.0;4.68;27.14;890.0
42900.0;4.68;27.14;890.0
43200.0;4.82;27.14;890.0
43500.0;4.82;27.14;890.0
43800.0;4.49;27.14;890.0
44100.0;4.49;27.14;890.0
44400.0;4.49;27.14;890.0
44700.0;4.49;27.14;890.0
45000.0;4.49;27.14;890.0
45300.0;4.66;27.14;890.0
45600.0;4.8;27.14;890.0
45900.0;4.8;27.14;890.0
46200.0;4.8;27.14;890.0
46500.0;4.66;27.14;890.0
46800.0;4.66;27.14;890.0
47100.0;4.66;27.14;890.0
47400.0;4.32;27.14;890.0
47700.0;4.32;27.14;890.0
48000.0;4.32;27.14;890.0
48300.0;4.33;27.14;890.0
48600.0;4.34;27.14;890.0
48900.0;4.72;27.14;890.0
49200.0;4.72;27.14;890.0
49500.0;4.72;27.14;890.0
49800.0;4.72;27.14;890.0
50100.0;4.58;27.14;890.0
50400.0;4.58;27.14;890.0
50700.0;4.58;27.14;890.0
51000.0;4.88;27.14;890.0
51300.0;4.88;27.14;890.0
51600.0;4.88;27.14;890.0
51900.0;4.24;27.14;890.0
52200.0;4.24;27.14;890.0
52500.0;3.91;27.14;890.0
52800.0;3.91;27.14;890.0
53100.0;3.91;27.14;890.0
53400.0;3.91;27.14;890.0
53700.0;3.76;27.14;890.0
54000.0;3.77;27.14;890.0
54300.0;3.77;27.14;890.0
54600.0;4.15;27.14;890.0
54900.0;4.15;27.14;890.0
55200.0;4.15;27.14;890.0
55500.0;4.76;27.14;890.0
55800.0;4.76;27.14;890.0
56100.0;3.37;27.14;890.0
56400.0;3.52;27.14;890.0
56700.0;3.52;27.14;890.0
57000.0;3.52;27.14;890.0
57300.0;3.52;27.14;890.0
57600.0;3.52;27.14;890.0
57900.0;3.52;27.14;890.0
58200.0;3.65;27.14;890.0
58500.0;3.65;27.14;890.0
58800.0;3.65;27.14;890.0
59100.0;4.3;27.14;890.0
59400.0;3.79;27.14;890.0
59700.0;3.96;27.14;890.0
60000.0;3.96;27.14;890.0
60300.0;3.96;27.14;890.0
60600.0;3.96;27.14;890.0
60900.0;3.96;27.14;890.0
61200.0;4.5;27.14;890.0
61500.0;4.5;27.14;890.0
61800.0;4.5;27.14;890.0
62100.0;4.5;27.14;890.0
62400.0;4.64;27.14;890.0
62700.0;4.64;27.14;890.0
63000.0;4.64;27.14;890.0
63300.0;4.5;27.14;890.0
63600.0;4.5;27.14;890.0
63900.0;4.5;27.14;890.0
64200.0;4.5;27.14;890.0
64500.0;4.5;27.14;890.0
64800.0;4.5;27.14;890.0
65100.0;4.5;27.14;890.0
65400.0;4.51;27.14;890.0
65700.0;4.51;27.14;890.0
66000.0;4.51;27.14;890.0
66300.0;4.68;27.14;890.0
66600.0;4.81;27.14;890.0
66900.0;5.2;27.14;890.0
67200.0;5.2;27.14;890.0
67500.0;5.09;27.14;890.0
67800.0;5.09;27.14;890.0
68100.0;5.27;27.14;890.0
68400.0;5.27;27.14;890.0
68700.0;5.27;27.14;890.0
69000.0;5.46;27.14;890.0
69300.0;5.46;27.14;890.0
69600.0;5.46;27.14;890.0
69900.0;5.46;27.14;890.0
70200.0;5.46;27.14;890.0
70500.0;5.6;27.14;890.0
70800.0;5.74;27.14;890.0
71100.0;5.74;27.14;890.0
71400.0;5.74;27.14;890.0
71700.0;5.74;27.14;890.0
72000.0;5.74;27.14;890.0
72300.0;5.74;27.14;890.0
72600.0;6.08;27.14;890.0
72900.0;6.08;27.14;890.0
73200.0;6.08;27.14;890.0
73500.0;6.59;27.14;890.0
73800.0;6.59;27.14;890.0
74100.0;6.1;27.14;890.0
74400.0;6.1;27.14;890.0
74700.0;6.1;27.14;890.0
75000.0;6.1;27.14;890.0
75300.0;6.1;27.14;890.0
75600.0;6.1;27.14;890.0
75900.0;6.1;27.14;890.0
76200.0;5.84;27.14;890.0
76500.0;5.84;27.14;890.0
76800.0;5.84;27.14;890.0
77100.0;5.67;27.14;890.0
77400.0;5.67;27.14;890.0
77700.0;5.19;27.14;890.0
78000.0;5.19;27.14;890.0
78300.0;5.19;27.14;890.0
78600.0;5.19;27.14;890.0
78900.0;5.19;27.14;890.0
79200.0;5.19;27.14;890.0
79500.0;5.19;27.14;890.0
79800.0;5.24;27.14;890.0
80100.0;5.24;27.14;890.0
80400.0;5.24;27.14;890.0
80700.0;5.24;27.14;890.0
81000.0;5.24;27.14;890.0
81300.0;5.24;27.14;890.0
81600.0;5.24;27.14;890.0
81900.0;5.24;27.14;890.0
82200.0;5.24;27.14;890.0
82500.0;5.24;27.14;890.0
82800.0;5.24;27.14;890.0
83100.0;5.24;27.14;890.0
83400.0;5.07;27.14;890.0
83700.0;5.07;27.14;890.0
84000.0;5.07;27.14;890.0
84300.0;5.07;27.14;890.0
84600.0;5.07;27.14;890.0
84900.0;5.12;27.14;890.0
85200.0;5.29;27.14;890.0
85500.0;5.29;27.14;890.0
85800.0;5.29;27.14;890.0
86100.0;5.29;27.14;890.0
86400.0;5.26;27.14;890.0
86700.0;5.26;27.14;890.0
87000.0;5.26;27.14;890.0
87300.0;5.26;27.14;890.0
87600.0;5.08;27.14;890.0
87900.0;5.08;27.14;890.0
88200.0;4.83;27.14;890.0
88500.0;4.83;27.14;890.0
88800.0;4.83;27.14;890.0
89100.0;4.83;27.14;890.0
89400.0;4.65;27.14;890.0
89700.0;4.65;27.14;890.0
90000.0;4.38;27.14;890.0
90300.0;4.21;27.14;890.0
90600.0;4.21;27.14;890.0
90900.0;4.21;27.14;890.0
91200.0;4.2;27.14;890.0
91500.0;4.2;27.14;890.0
91800.0;3.51;27.14;890.0
92100.0;3.34;27.14;890.0
92400.0;3.34;27.14;890.0
92700.0;3.34;27.14;890.0
93000.0;3.17;27.14;890.0
93300.0;3.17;27.14;890.0
93600.0;2.58;27.14;890.0
93900.0;2.58;27.14;890.0
94200.0;2.58;27.14;890.0
94500.0;2.58;27.14;890.0
94800.0;2.41;27.14;890.0
95100.0;2.41;27.14;890.0
95400.0;1.56;27.14;890.0
95700.0;1.39;27.14;890.0
96000.0;1.39;27.14;890.0
96300.0;1.39;27.14;890.0
96600.0;1.22;27.14;890.0
96900.0;1.22;27.14;890.0
97200.0;0.79;27.14;890.0
97500.0;0.79;27.14;890.0
97800.0;0.79;27.14;890.0
98100.0;0.79;27.14;890.0
98400.0;0.79;27.14;890.0
98700.0;0.79;27.14;890.0
99000.0;0.37;27.14;890.0
99300.0;0.2;27.14;890.0
99600.0;0.2;27.14;890.0
99900.0;0.2;27.14;890.0
100200.0;0.2;27.14;890.0
100500.0;0.2;27.14;890.0
100800.0;0.25;27.14;890.0
101100.0;0.25;27.14;890.0
101400.0;0.25;27.14;890.0
101700.0;0.25;27.14;890.0
102000.0;0.95;27.14;890.0
102300.0;0.95;27.14;890.0
102600.0;0.11;27.14;890.0
102900.0;0.11;27.14;890.0
103200.0;0.11;27.14;890.0
103500.0;0.11;27.14;890.0
103800.0;0.1;27.14;890.0
104100.0;0.1;27.14;890.0
104400.0;-0.34;27.14;890.0
104700.0;-0.34;27.14;890.0
105000.0;-0.34;27.14;890.0
105300.0;-0.34;27.14;890.0
105600.0;-0.34;27.14;890.0
105900.0;-0.34;27.14;890.0
106200.0;-1.04;27.14;890.0
106500.0;-1.19;27.14;890.0
106800.0;-1.19;27.14;890.0
107100.0;-1.19;27.14;890.0
107400.0;-1.19;27.14;890.0
107700.0;-1.19;27.14;890.0
108000.0;-1.21;27.14;890.0
108300.0;-1.35;27.14;890.0
108600.0;-1.35;27.14;890.0
108900.0;-1.35;27.14;890.0
109200.0;-1.35;27.14;890.0
109500.0;-1.35;27.14;890.0
109800.0;-1.7;27.14;890.0
110100.0;-1.7;27.14;890.0
110400.0;-1.7;27.14;890.0
110700.0;-1.7;27.14;890.0
111000.0;-1.7;27.14;890.0
111300.0;-1.8;27.14;890.0
111600.0;-1.84;27.14;890.0
111900.0;-1.99;27.14;890.0
112200.0;-1.99;27.14;890.0
112500.0;-1.91;27.14;890.0
112800.0;-1.99;27.14;890.0
113100.0;-1.91;27.14;890.0
113400.0;-2.14;27.14;890.0
113700.0;-2.06;27.14;890.0
114000.0;-2.14;27.14;890.0
114300.0;-2.14;27.14;890.0
114600.0;-2.27;27.14;890.0
114900.0;-2.06;27.14;890.0
115200.0;-2.72;27.14;890.0
115500.0;-2.72;27.14;890.0
115800.0;-2.77;27.14;890.0
116100.0;-2.77;27.14;890.0
116400.0;-2.93;27.14;890.0
116700.0;-2.93;27.14;890.0
117000.0;-2.99;27.14;890.0
117300.0;-2.99;27.14;890.0
117600.0;-2.99;27.14;890.0
117900.0;-2.99;27.14;890.0
118200.0;-2.71;27.14;890.0
118500.0;-2.71;27.14;890.0
118800.0;-2.77;27.14;890.0
119100.0;-3.03;27.14;890.0
119400.0;-3.03;27.14;890.0
119700.0;-3.03;27.14;890.0
120000.0;-3.03;27.14;890.0
120300.0;-3.03;27.14;890.0
120600.0;-2.85;27.14;890.0
120900.0;-2.52;27.14;890.0
121200.0;-2.52;27.14;890.0
121500.0;-2.52;27.14;890.0
121800.0;-2.85;27.14;890.0
122100.0;-2.85;27.14;890.0
122400.0;-3.53;27.14;890.0
122700.0;-3.46;27.14;890.0
123000.0;-3.46;27.14;890.0
123300.0;-3.46;27.14;890.0
123600.0;-3.46;27.14;890.0
123900.0;-3.46;27.14;890.0
124200.0;-3.68;27.14;890.0
124500.0;-3.68;27.14;890.0
124800.0;-3.68;27.14;890.0
125100.0;-3.68;27.14;890.0
125400.0;-3.68;27.14;890.0
125700.0;-3.68;27.14;890.0
126000.0;-3.65;27.14;890.0
126300.0;-3.65;27.14;890.0
126600.0;-3.65;27.14;890.0
126900.0;-3.65;27.14;890.0
127200.0;-3.65;27.14;890.0
127500.0;-3.65;27.14;890.0
127800.0;-3.71;27.14;890.0
128100.0;-3.71;27.14;890.0
128400.0;-3.71;27.14;890.0
128700.0;-3.71;27.14;890.0
129000.0;-3.71;27.14;890.0
129300.0;-3.71;27.14;890.0
129600.0;-3.93;27.14;890.0
129900.0;-3.93;27.14;890.0
130200.0;-3.93;27.14;890.0
130500.0;-3.93;27.14;890.0
130800.0;-3.93;27.14;890.0
131100.0;-3.93;27.14;890.0
131400.0;-3.79;27.14;890.0
131700.0;-3.79;27.14;890.0
132000.0;-3.79;27.14;890.0
132300.0;-3.79;27.14;890.0
132600.0;-3.79;27.14;890.0
132900.0;-3.79;27.14;890.0
133200.0;-3.74;27.14;890.0
133500.0;-3.89;27.14;890.0
133800.0;-3.89;27.14;890.0
134100.0;-3.89;27.14;890.0
134400.0;-3.89;27.14;890.0
134700.0;-3.89;27.14;890.0
135000.0;-3.75;27.14;890.0
135300.0;-3.75;27.14;890.0
135600.0;-3.75;27.14;890.0
135900.0;-3.75;27.14;890.0
136200.0;-3.75;27.14;890.0
136500.0;-3.75;27.14;890.0
136800.0;-3.75;27.14;890.0
137100.0;-3.75;27.14;890.0
137400.0;-3.75;27.14;890.0
137700.0;-3.75;27.14;890.0
138000.0;-3.75;27.14;890.0
138300.0;-3.91;27.14;890.0
138600.0;-3.96;27.14;890.0
138900.0;-3.96;27.14;890.0
139200.0;-3.96;27.14;890.0
139500.0;-3.96;27.14;890.0
139800.0;-3.96;27.14;890.0
140100.0;-4.25;27.14;890.0
140400.0;-3.91;27.14;890.0
140700.0;-3.91;27.14;890.0
141000.0;-3.91;27.14;890.0
141300.0;-3.91;27.14;890.0
141600.0;-3.91;27.14;890.0
141900.0;-3.91;27.14;890.0
142200.0;-3.51;27.14;890.0
142500.0;-3.51;27.14;890.0
142800.0;-3.51;27.14;890.0
143100.0;-3.36;27.14;890.0
143400.0;-3.36;27.14;890.0
143700.0;-3.29;27.14;890.0
144000.0;-2.7;27.14;890.0
144300.0;-2.7;27.14;890.0
144600.0;-2.7;27.14;890.0
144900.0;-2.81;27.14;890.0
145200.0;-2.54;27.14;890.0
145500.0;-2.54;27.14;890.0
145800.0;-1.76;27.14;890.0
146100.0;-1.36;27.14;890.0
146400.0;-1.76;27.14;890.0
146700.0;-1.19;27.14;890.0
147000.0;-1.19;27.14;890.0
147300.0;-1.28;27.14;890.0
147600.0;-0.46;27.14;890.0
147900.0;-0.46;27.14;890.0
148200.0;-0.46;27.14;890.0
148500.0;-0.32;27.14;890.0
148800.0;-0.32;27.14;890.0
149100.0;-0.32;27.14;890.0
149400.0;0.9;27.14;890.0
149700.0;0.9;27.14;890.0
150000.0;0.9;27.14;890.0
150300.0;1.04;27.14;890.0
150600.0;1.04;27.14;890.0
150900.0;1.27;27.14;890.0
151200.0;2.12;27.14;890.0
151500.0;1.76;27.14;890.0
151800.0;1.76;27.14;890.0
152100.0;1.76;27.14;890.0
152400.0;1.89;27.14;890.0
152700.0;1.89;27.14;890.0
153000.0;2.75;27.14;890.0
153300.0;2.75;27.14;890.0
153600.0;2.75;27.14;890.0
153900.0;2.75;27.14;890.0
154200.0;2.75;27.14;890.0
154500.0;2.92;27.14;890.0
154800.0;3.26;27.14;890.0
155100.0;3.26;27.14;890.0
155400.0;3.26;27.14;890.0
155700.0;3.41;27.14;890.0
156000.0;3.41;27.14;890.0
156300.0;3.41;27.14;890.0
156600.0;3.99;27.14;890.0
156900.0;3.99;27.14;890.0
157200.0;3.99;27.14;890.0
157500.0;3.99;27.14;890.0
157800.0;3.99;27.14;890.0
158100.0;4.5;27.14;890.0
158400.0;4.32;27.14;890.0
158700.0;4.32;27.14;890.0
159000.0;4.32;27.14;890.0
159300.0;4.32;27.14;890.0
159600.0;4.33;27.14;890.0
159900.0;4.33;27.14;890.0
160200.0;4.6;27.14;890.0
160500.0;4.6;27.14;890.0
160800.0;4.6;27.14;890.0
161100.0;4.6;27.14;890.0
161400.0;4.6;27.14;890.0
161700.0;5.01;27.14;890.0
162000.0;5.19;27.14;890.0
162300.0;5.19;27.14;890.0
162600.0;5.19;27.14;890.0
162900.0;5.19;27.14;890.0
163200.0;5.19;27.14;890.0
163500.0;5.19;27.14;890.0
163800.0;5.19;27.14;890.0
164100.0;5.19;27.14;890.0
164400.0;5.19;27.14;890.0
164700.0;5.19;27.14;890.0
165000.0;5.19;27.14;890.0
165300.0;5.19;27.14;890.0
165600.0;5.19;27.14;890.0
165900.0;5.19;27.14;890.0
166200.0;5.19;27.14;890.0
166500.0;5.19;27.14;890.0
166800.0;5.19;27.14;890.0
167100.0;5.19;27.14;890.0
167400.0;5.19;27.14;890.0
167700.0;5.19;27.14;890.0
168000.0;5.19;27.14;890.0
168300.0;5.19;27.14;890.0
168600.0;5.19;27.14;890.0
168900.0;5.26;27.14;890.0
169200.0;5.26;27.14;890.0
169500.0;5.26;27.14;890.0
169800.0;5.26;27.14;890.0
170100.0;5.09;27.14;890.0
170400.0;5.09;27.14;890.0
170700.0;5.09;27.14;890.0
171000.0;4.73;27.14;890.0
171300.0;4.73;27.14;890.0
171600.0;4.73;27.14;890.0
171900.0;4.73;27.14;890.0
172200.0;4.73;27.14;890.0
172500.0;4.65;27.14;890.0
172800.0;4.65;27.14;890.0
173100.0;4.65;27.14;890.0
173400.0;4.65;27.14;890.0
173700.0;4.65;27.14;890.0
174000.0;4.64;27.14;890.0
174300.0;4.64;27.14;890.0
174600.0;4.46;27.14;890.0
174900.0;4.46;27.14;890.0
175200.0;4.46;27.14;890.0
175500.0;4.29;27.14;890.0
175800.0;4.29;27.14;890.0
176100.0;3.53;27.14;890.0
176400.0;3.53;27.14;890.0
176700.0;3.53;27.14;890.0
177000.0;3.53;27.14;890.0
177300.0;3.35;27.14;890.0
177600.0;3.34;27.14;890.0
177900.0;3.34;27.14;890.0
178200.0;2.49;27.14;890.0
178500.0;2.49;27.14;890.0
178800.0;2.49;27.14;890.0
179100.0;2.32;27.14;890.0
179400.0;2.31;27.14;890.0
179700.0;1.58;27.14;890.0
180000.0;1.41;27.14;890.0
180300.0;1.41;27.14;890.0
180600.0;1.41;27.14;890.0
180900.0;1.41;27.14;890.0
181200.0;1.41;27.14;890.0
181500.0;1.41;27.14;890.0
181800.0;0.41;27.14;890.0
182100.0;0.41;27.14;890.0
182400.0;0.41;27.14;890.0
182700.0;0.58;27.14;890.0
183000.0;0.58;27.14;890.0
183300.0;0.11;27.14;890.0
183600.0;0.11;27.14;890.0
183900.0;0.11;27.14;890.0
184200.0;0.11;27.14;890.0
184500.0;-0.06;27.14;890.0
184800.0;-0.06;27.14;890.0
185100.0;-0.06;27.14;890.0
185400.0;-0.59;27.14;890.0
185700.0;-0.59;27.14;890.0
186000.0;-0.59;27.14;890.0
186300.0;-0.77;27.14;890.0
186600.0;-0.77;27.14;890.0
186900.0;-0.65;27.14;890.0
187200.0;-0.79;27.14;890.0
187500.0;-0.79;27.14;890.0
187800.0;-0.79;27.14;890.0
188100.0;-0.93;27.14;890.0
188400.0;-0.93;27.14;890.0
188700.0;-0.93;27.14;890.0
189000.0;-1.91;27.14;890.0
189300.0;-1.91;27.14;890.0
189600.0;-1.91;27.14;890.0
189900.0;-1.91;27.14;890.0
190200.0;-1.91;27.14;890.0
190500.0;-1.47;27.14;890.0
190800.0;-1.47;27.14;890.0
191100.0;-1.47;27.14;890.0
191400.0;-1.47;27.14;890.0
191700.0;-1.47;27.14;890.0
192000.0;-1.47;27.14;890.0
192300.0;-1.47;27.14;890.0
192600.0;-1.94;27.14;890.0
192900.0;-1.75;27.14;890.0
193200.0;-1.75;27.14;890.0
193500.0;-1.75;27.14;890.0
193800.0;-1.75;27.14;890.0
194100.0;-2.04;27.14;890.0
194400.0;-2.23;27.14;890.0
194700.0;-2.23;27.14;890.0
195000.0;-2.04;27.14;890.0
195300.0;-2.21;27.14;890.0
195600.0;-2.41;27.14;890.0
195900.0;-2.41;27.14;890.0
196200.0;-0.7;27.14;890.0
196500.0;-0.7;27.14;890.0
196800.0;-0.7;27.14;890.0
197100.0;-0.98;27.14;890.0
197400.0;-0.98;27.14;890.0
197700.0;-1.01;27.14;890.0
198000.0;-1.01;27.14;890.0
198300.0;-1.01;27.14;890.0
198600.0;-1.01;27.14;890.0
198900.0;-1.01;27.14;890.0
199200.0;-1.01;27.14;890.0
199500.0;-1.01;27.14;890.0
199800.0;-1.26;27.14;890.0
200100.0;-1.26;27.14;890.0
200400.0;-1.26;27.14;890.0
200700.0;-1.26;27.14;890.0
201000.0;-1.26;27.14;890.0
201300.0;-1.58;27.14;890.0
201600.0;-1.58;27.14;890.0
201900.0;-1.58;27.14;890.0
202200.0;-1.58;27.14;890.0
202500.0;-1.58;27.14;890.0
202800.0;-1.58;27.14;890.0
203100.0;-1.58;27.14;890.0
203400.0;-2.44;27.14;890.0
203700.0;-2.44;27.14;890.0
204000.0;-2.44;27.14;890.0
204300.0;-2.26;27.14;890.0
204600.0;-2.26;27.14;890.0
204900.0;-0.67;27.14;890.0
205200.0;-0.67;27.14;890.0
205500.0;-0.67;27.14;890.0
205800.0;-0.67;27.14;890.0
206100.0;-0.67;27.14;890.0
206400.0;-0.67;27.14;890.0
206700.0;-0.67;27.14;890.0
207000.0;-0.54;27.14;890.0
207300.0;-0.54;27.14;890.0
207600.0;-0.54;27.14;890.0
207900.0;-0.54;27.14;890.0
208200.0;-0.54;27.14;890.0
208500.0;-0.86;27.14;890.0
208800.0;-0.86;27.14;890.0
209100.0;-0.86;27.14;890.0
209400.0;-0.86;27.14;890.0
209700.0;-0.86;27.14;890.0
210000.0;-0.86;27.14;890.0
210300.0;-0.86;27.14;890.0
210600.0;-0.15;27.14;890.0
210900.0;-0.15;27.14;890.0
211200.0;-0.15;27.14;890.0
211500.0;-0.15;27.14;890.0
211800.0;-0.15;27.14;890.0
212100.0;-0.33;27.14;890.0
212400.0;-0.33;27.14;890.0
212700.0;-0.33;27.14;890.0
213000.0;-0.33;27.14;890.0
213300.0;-0.33;27.14;890.0
213600.0;-0.33;27.14;890.0
213900.0;-0.33;27.14;890.0
214200.0;-0.02;27.14;890.0
214500.0;-0.02;27.14;890.0
214800.0;-0.02;27.14;890.0
215100.0;-0.02;27.14;890.0
215400.0;-0.02;27.14;890.0
215700.0;-0.14;27.14;890.0
216000.0;0.01;27.14;890.0
216300.0;0.01;27.14;890.0
216600.0;0.01;27.14;890.0
216900.0;0.01;27.14;890.0
217200.0;0.01;27.14;890.0
217500.0;0.01;27.14;890.0
217800.0;-0.8;27.14;890.0
218100.0;-0.8;27.14;890.0
218400.0;-0.8;27.14;890.0
218700.0;-0.96;27.14;890.0
219000.0;-0.96;27.14;890.0
219300.0;-0.3;27.14;890.0
219600.0;-0.14;27.14;890.0
219900.0;-0.14;27.14;890.0
220200.0;-0.14;27.14;890.0
220500.0;-0.14;27.14;890.0
220800.0;-0.14;27.14;890.0
221100.0;-0.14;27.14;890.0
221400.0;1.18;27.14;890.0
221700.0;1.18;27.14;890.0
222000.0;1.18;27.14;890.0
222300.0;1.03;27.14;890.0
222600.0;1.03;27.14;890.0
222900.0;1.57;27.14;890.0
223200.0;1.57;27.14;890.0
223500.0;1.57;27.14;890.0
223800.0;1.57;27.14;890.0
224100.0;1.73;27.14;890.0
224400.0;1.73;27.14;890.0
224700.0;1.7;27.14;890.0
225000.0;1.7;27.14;890.0
225300.0;1.7;27.14;890.0
225600.0;1.7;27.14;890.0
225900.0;1.7;27.14;890.0
226200.0;1.7;27.14;890.0
226500.0;1.87;27.14;890.0
226800.0;1.87;27.14;890.0
227100.0;1.87;27.14;890.0
227400.0;1.87;27.14;890.0
227700.0;1.71;27.14;890.0
228000.0;1.71;27.14;890.0
228300.0;1.71;27.14;890.0
228600.0;1.41;27.14;890.0
228900.0;1.41;27.14;890.0
229200.0;1.41;27.14;890.0
229500.0;1.56;27.14;890.0
229800.0;1.56;27.14;890.0
230100.0;1.76;27.14;890.0
230400.0;1.92;27.14;890.0
230700.0;1.92;27.14;890.0
231000.0;1.92;27.14;890.0
231300.0;2.07;27.14;890.0
231600.0;2.18;27.14;890.0
231900.0;2.18;27.14;890.0
232200.0;3.21;27.14;890.0
232500.0;3.21;27.14;890.0
232800.0;3.21;27.14;890.0
233100.0;3.35;27.14;890.0
233400.0;3.35;27.14;890.0
233700.0;3.62;27.14;890.0
234000.0;3.79;27.14;890.0
234300.0;3.79;27.14;890.0
234600.0;3.79;27.14;890.0
234900.0;3.97;27.14;890.0
235200.0;3.97;27.14;890.0
235500.0;3.97;27.14;890.0
235800.0;5.19;27.14;890.0
236100.0;5.19;27.14;890.0
236400.0;5.19;27.14;890.0
236700.0;5.37;27.14;890.0
237000.0;5.37;27.14;890.0
237300.0;6.06;27.14;890.0
237600.0;6.4;27.14;890.0
237900.0;6.4;27.14;890.0
238200.0;6.4;27.14;890.0
238500.0;6.57;27.14;890.0
238800.0;6.57;27.14;890.0
239100.0;6.57;27.14;890.0
239400.0;7.21;27.14;890.0
239700.0;7.21;27.14;890.0
240000.0;7.21;27.14;890.0
240300.0;7.38;27.14;890.0
240600.0;7.38;27.14;890.0
240900.0;8.24;27.14;890.0
241200.0;8.24;27.14;890.0
241500.0;8.24;27.14;890.0
241800.0;8.24;27.14;890.0
242100.0;8.24;27.14;890.0
242400.0;8.24;27.14;890.0
242700.0;8.24;27.14;890.0
243000.0;9.19;27.14;890.0
243300.0;9.19;27.14;890.0
243600.0;9.19;27.14;890.0
243900.0;9.34;27.14;890.0
244200.0;9.41;27.14;890.0
244500.0;8.87;27.14;890.0
244800.0;8.87;27.14;890.0
245100.0;9.57;27.14;890.0
245400.0;8.87;27.14;890.0
245700.0;9.03;27.14;890.0
246000.0;9.06;27.14;890.0
246300.0;9.06;27.14;890.0
246600.0;9.52;27.14;890.0
246900.0;9.52;27.14;890.0
247200.0;9.52;27.14;890.0
247500.0;9.53;27.14;890.0
247800.0;9.53;27.14;890.0
248100.0;9.76;27.14;890.0
248400.0;9.95;27.14;890.0
248700.0;9.95;27.14;890.0
249000.0;9.93;27.14;890.0
249300.0;9.93;27.14;890.0
249600.0;9.93;27.14;890.0
249900.0;9.93;27.14;890.0
250200.0;10.49;27.14;890.0
250500.0;10.49;27.14;890.0
250800.0;10.49;27.14;890.0
251100.0;10.49;27.14;890.0
251400.0;10.49;27.14;890.0
251700.0;10.49;27.14;890.0
252000.0;10.49;27.14;890.0
252300.0;10.49;27.14;890.0
252600.0;10.49;27.14;890.0
252900.0;10.62;27.14;890.0
253200.0;10.62;27.14;890.0
253500.0;11.02;27.14;890.0
253800.0;11.02;27.14;890.0
254100.0;11.02;27.14;890.0
254400.0;11.02;27.14;890.0
254700.0;11.02;27.14;890.0
255000.0;11.02;27.14;890.0
255300.0;11.01;27.14;890.0
255600.0;11.01;27.14;890.0
255900.0;11.01;27.14;890.0
256200.0;11.01;27.14;890.0
256500.0;11.01;27.14;890.0
256800.0;11.01;27.14;890.0
257100.0;10.67;27.14;890.0
257400.0;10.51;27.14;890.0
257700.0;10.51;27.14;890.0
258000.0;10.48;27.14;890.0
258300.0;10.43;27.14;890.0
258600.0;10.43;27.14;890.0
258900.0;10.2;27.14;890.0
259200.0;9.22;27.14;890.0
259500.0;9.3;27.14;890.0
259800.0;9.3;27.14;890.0
260100.0;9.3;27.14;890.0
260400.0;9.3;27.14;890.0
260700.0;9.3;27.14;890.0
261000.0;9.3;27.14;890.0
261300.0;9.3;27.14;890.0
261600.0;9.65;27.14;890.0
261900.0;9.65;27.14;890.0
262200.0;9.65;27.14;890.0
262500.0;9.65;27.14;890.0
262800.0;9.65;27.14;890.0
263100.0;9.43;27.14;890.0
263400.0;9.43;27.14;890.0
263700.0;9.43;27.14;890.0
264000.0;9.43;27.14;890.0
264300.0;9.82;27.14;890.0
264600.0;9.82;27.14;890.0
264900.0;9.7;27.14;890.0
265200.0;9.7;27.14;890.0
265500.0;9.7;27.14;890.0
265800.0;9.7;27.14;890.0
266100.0;9.56;27.14;890.0
266400.0;9.56;27.14;890.0
266700.0;9.08;27.14;890.0
267000.0;8.79;27.14;890.0
267300.0;8.79;27.14;890.0
267600.0;8.79;27.14;890.0
267900.0;8.66;27.14;890.0
268200.0;8.66;27.14;890.0
268500.0;9.2;27.14;890.0
268800.0;9.19;27.14;890.0
269100.0;9.19;27.14;890.0
269400.0;9.19;27.14;890.0
269700.0;9.08;27.14;890.0
270000.0;9.01;27.14;890.0
270300.0;9.37;27.14;890.0
270600.0;9.37;27.14;890.0
270900.0;9.39;27.14;890.0
271200.0;9.39;27.14;890.0
271500.0;9.37;27.14;890.0
271800.0;9.37;27.14;890.0
272100.0;9.82;27.14;890.0
272400.0;9.82;27.14;890.0
272700.0;9.82;27.14;890.0
273000.0;9.82;27.14;890.0
273300.0;9.82;27.14;890.0
273600.0;9.8;27.14;890.0
273900.0;9.25;27.14;890.0
274200.0;9.27;27.14;890.0
274500.0;9.27;27.14;890.0
274800.0;9.27;27.14;890.0
275100.0;9.13;27.14;890.0
275400.0;9.13;27.14;890.0
275700.0;10.12;27.14;890.0
276000.0;9.72;27.14;890.0
276300.0;9.72;27.14;890.0
276600.0;9.72;27.14;890.0
276900.0;9.72;27.14;890.0
277200.0;9.72;27.14;890.0
277500.0;10.17;27.14;890.0
277800.0;10.17;27.14;890.0
278100.0;10.17;27.14;890.0
278400.0;10.17;27.14;890.0
278700.0;10.17;27.14;890.0
279000.0;10.17;27.14;890.0
279300.0;9.3;27.14;890.0
279600.0;9.3;27.14;890.0
279900.0;9.32;27.14;890.0
280200.0;9.32;27.14;890.0
280500.0;9.32;27.14;890.0
280800.0;9.32;27.14;890.0
281100.0;8.72;27.14;890.0
281400.0;8.72;27.14;890.0
281700.0;8.72;27.14;890.0
282000.0;8.72;27.14;890.0
282300.0;8.58;27.14;890.0
282600.0;8.58;27.14;890.0
282900.0;8.29;27.14;890.0
283200.0;8.15;27.14;890.0
283500.0;8.15;27.14;890.0
283800.0;8.15;27.14;890.0
284100.0;8.58;27.14;890.0
284400.0;8.58;27.14;890.0
284700.0;7.88;27.14;890.0
285000.0;7.88;27.14;890.0
285300.0;7.88;27.14;890.0
285600.0;7.88;27.14;890.0
285900.0;8.37;27.14;890.0
286200.0;8.37;27.14;890.0
286500.0;7.95;27.14;890.0
286800.0;7.95;27.14;890.0
287100.0;7.95;27.14;890.0
287400.0;7.95;27.14;890.0
287700.0;7.85;27.14;890.0
288000.0;7.68;27.14;890.0
288300.0;7.68;27.14;890.0
288600.0;7.68;27.14;890.0
288900.0;7.68;27.14;890.0
289200.0;7.68;27.14;890.0
289500.0;7.68;27.14;890.0
289800.0;7.68;27.14;890.0
290100.0;7.07;27.14;890.0
290400.0;7.07;27.14;890.0
290700.0;7.07;27.14;890.0
291000.0;7.07;27.14;890.0
291300.0;7.06;27.14;890.0
291600.0;7.06;27.14;890.0
291900.0;6.84;27.14;890.0
292200.0;6.7;27.14;890.0
292500.0;6.79;27.14;890.0
292800.0;6.79;27.14;890.0
293100.0;6.78;27.14;890.0
293400.0;6.78;27.14;890.0
293700.0;6.84;27.14;890.0
294000.0;6.84;27.14;890.0
294300.0;6.84;27.14;890.0
294600.0;6.84;27.14;890.0
294900.0;7.4;27.14;890.0
295200.0;7.4;27.14;890.0
295500.0;6.9;27.14;890.0
295800.0;6.98;27.14;890.0
296100.0;6.98;27.14;890.0
296400.0;6.98;27.14;890.0
296700.0;6.98;27.14;890.0
297000.0;6.98;27.14;890.0
297300.0;6.14;27.14;890.0
297600.0;6.14;27.14;890.0
297900.0;6.14;27.14;890.0
298200.0;6.14;27.14;890.0
298500.0;6;27.14;890.0
298800.0;6;27.14;890.0
299100.0;5.68;27.14;890.0
299400.0;5.68;27.14;890.0
299700.0;5.68;27.14;890.0
300000.0;5.68;27.14;890.0
300300.0;5.68;27.14;890.0
300600.0;5.68;27.14;890.0
300900.0;5.68;27.14;890.0
301200.0;5.68;27.14;890.0
301500.0;5.68;27.14;890.0
301800.0;5.68;27.14;890.0
302100.0;5.81;27.14;890.0
302400.0;5.81;27.14;890.0
302700.0;5.64;27.14;890.0
303000.0;5.64;27.14;890.0
303300.0;5.64;27.14;890.0
303600.0;5.64;27.14;890.0
303900.0;5.64;27.14;890.0
304200.0;5.64;27.14;890.0
304500.0;5.64;27.14;890.0
304800.0;5.5;27.14;890.0
305100.0;5.5;27.14;890.0
305400.0;5.5;27.14;890.0
305700.0;5.49;27.14;890.0
306000.0;5.49;27.14;890.0
306300.0;5.65;27.14;890.0
306600.0;5.65;27.14;890.0
306900.0;5.65;27.14;890.0
307200.0;5.65;27.14;890.0
307500.0;5.65;27.14;890.0
307800.0;5.65;27.14;890.0
308100.0;5.65;27.14;890.0
308400.0;5.65;27.14;890.0
308700.0;5.65;27.14;890.0
309000.0;5.63;27.14;890.0
309300.0;5.63;27.14;890.0
309600.0;5.63;27.14;890.0
309900.0;6.42;27.14;890.0
310200.0;5.83;27.14;890.0
310500.0;5.83;27.14;890.0
310800.0;6.42;27.14;890.0
311100.0;6.42;27.14;890.0
311400.0;6.42;27.14;890.0
311700.0;6.42;27.14;890.0
312000.0;6.42;27.14;890.0
312300.0;6.42;27.14;890.0
312600.0;6.42;27.14;890.0
312900.0;6.42;27.14;890.0
313200.0;6.42;27.14;890.0
313500.0;6.42;27.14;890.0
313800.0;6.39;27.14;890.0
314100.0;6.39;27.14;890.0
314400.0;6.39;27.14;890.0
314700.0;6.4;27.14;890.0
315000.0;6.4;27.14;890.0
315300.0;6.4;27.14;890.0
315600.0;6.4;27.14;890.0
315900.0;6.4;27.14;890.0
316200.0;6.4;27.14;890.0
316500.0;6.4;27.14;890.0
316800.0;6.18;27.14;890.0
317100.0;6.18;27.14;890.0
317400.0;6.18;27.14;890.0
317700.0;6.18;27.14;890.0
318000.0;6.18;27.14;890.0
318300.0;6.18;27.14;890.0
318600.0;6.18;27.14;890.0
318900.0;5.92;27.14;890.0
319200.0;5.92;27.14;890.0
319500.0;5.92;27.14;890.0
319800.0;5.92;27.14;890.0
320100.0;5.92;27.14;890.0
320400.0;5.92;27.14;890.0
320700.0;6.35;27.14;890.0
321000.0;6.35;27.14;890.0
321300.0;6.35;27.14;890.0
321600.0;6.35;27.14;890.0
321900.0;6.35;27.14;890.0
322200.0;6.35;27.14;890.0
322500.0;6.28;27.14;890.0
322800.0;6.28;27.14;890.0
323100.0;6.28;27.14;890.0
323400.0;6.28;27.14;890.0
323700.0;6.28;27.14;890.0
324000.0;6.28;27.14;890.0
324300.0;6.35;27.14;890.0
324600.0;6.35;27.14;890.0
324900.0;6.35;27.14;890.0
325200.0;6.35;27.14;890.0
325500.0;6.35;27.14;890.0
325800.0;6.35;27.14;890.0
326100.0;5.92;27.14;890.0
326400.0;5.92;27.14;890.0
326700.0;5.92;27.14;890.0
327000.0;5.92;27.14;890.0
327300.0;5.92;27.14;890.0
327600.0;5.92;27.14;890.0
327900.0;5.84;27.14;890.0
328200.0;5.84;27.14;890.0
328500.0;5.84;27.14;890.0
328800.0;5.84;27.14;890.0
329100.0;5.84;27.14;890.0
329400.0;5.81;27.14;890.0
329700.0;5.68;27.14;890.0
330000.0;5.68;27.14;890.0
330300.0;5.68;27.14;890.0
330600.0;5.68;27.14;890.0
330900.0;5.68;27.14;890.0
331200.0;5.68;27.14;890.0
331500.0;5.68;27.14;890.0
331800.0;5.68;27.14;890.0
332100.0;5.68;27.14;890.0
332400.0;5.68;27.14;890.0
332700.0;5.67;27.14;890.0
333000.0;5.64;27.14;890.0
333300.0;5.51;27.14;890.0
333600.0;5.51;27.14;890.0
333900.0;5.51;27.14;890.0
334200.0;5.51;27.14;890.0
334500.0;5.51;27.14;890.0
334800.0;5.51;27.14;890.0
335100.0;5.56;27.14;890.0
335400.0;5.56;27.14;890.0
335700.0;5.56;27.14;890.0
336000.0;5.56;27.14;890.0
336300.0;5.57;27.14;890.0
336600.0;5.57;27.14;890.0
336900.0;5.57;27.14;890.0
337200.0;5.57;27.14;890.0
337500.0;5.57;27.14;890.0
337800.0;5.57;27.14;890.0
338100.0;5.56;27.14;890.0
338400.0;5.56;27.14;890.0
338700.0;5.51;27.14;890.0
339000.0;5.51;27.14;890.0
339300.0;5.51;27.14;890.0
339600.0;5.51;27.14;890.0
339900.0;5.51;27.14;890.0
340200.0;5.51;27.14;890.0
340500.0;5.51;27.14;890.0
340800.0;5.51;27.14;890.0
341100.0;5.51;27.14;890.0
341400.0;5.51;27.14;890.0
341700.0;5.54;27.14;890.0
342000.0;5.33;27.14;890.0
342300.0;5.38;27.14;890.0
342600.0;5.38;27.14;890.0
342900.0;5.41;27.14;890.0
343200.0;5.41;27.14;890.0
343500.0;5.41;27.14;890.0
343800.0;5.41;27.14;890.0
344100.0;5.66;27.14;890.0
344400.0;5.66;27.14;890.0
344700.0;5.66;27.14;890.0
345000.0;5.68;27.14;890.0
345300.0;5.69;27.14;890.0
345600.0;5.77;27.14;890.0
345900.0;5.77;27.14;890.0
346200.0;5.77;27.14;890.0
346500.0;5.68;27.14;890.0
346800.0;5.68;27.14;890.0
347100.0;5.69;27.14;890.0
347400.0;5.69;27.14;890.0
347700.0;5.69;27.14;890.0
348000.0;5.69;27.14;890.0
348300.0;5.69;27.14;890.0
348600.0;5.27;27.14;890.0
348900.0;5.27;27.14;890.0
349200.0;6.32;27.14;890.0
349500.0;5.88;27.14;890.0
349800.0;5.88;27.14;890.0
350100.0;5.88;27.14;890.0
350400.0;6.03;27.14;890.0
350700.0;6.03;27.14;890.0
351000.0;6.03;27.14;890.0
351300.0;6.38;27.14;890.0
351600.0;6.38;27.14;890.0
351900.0;6.38;27.14;890.0
352200.0;6.24;27.14;890.0
352500.0;6.22;27.14;890.0
352800.0;6.92;27.14;890.0
353100.0;6.92;27.14;890.0
353400.0;6.92;27.14;890.0
353700.0;6.92;27.14;890.0
354000.0;6.92;27.14;890.0
354300.0;6.91;27.14;890.0
354600.0;6.91;27.14;890.0
354900.0;7.32;27.14;890.0
355200.0;7.32;27.14;890.0
355500.0;7.32;27.14;890.0
355800.0;7.32;27.14;890.0
356100.0;6.76;27.14;890.0
356400.0;6.45;27.14;890.0
356700.0;6.53;27.14;890.0
357000.0;6.53;27.14;890.0
357300.0;6.53;27.14;890.0
357600.0;6.9;27.14;890.0
357900.0;6.9;27.14;890.0
358200.0;6.9;27.14;890.0
358500.0;6.71;27.14;890.0
358800.0;6.71;27.14;890.0
359100.0;6.71;27.14;890.0
359400.0;6.87;27.14;890.0
359700.0;6.87;27.14;890.0
360000.0;7.79;27.14;890.0
360300.0;7.79;27.14;890.0
360600.0;7.79;27.14;890.0
360900.0;7.79;27.14;890.0
361200.0;8.31;27.14;890.0
361500.0;8.31;27.14;890.0
361800.0;8.31;27.14;890.0
362100.0;8.31;27.14;890.0
362400.0;8.31;27.14;890.0
362700.0;8.31;27.14;890.0
363000.0;8.31;27.14;890.0
363300.0;7.64;27.14;890.0
363600.0;8.15;27.14;890.0
363900.0;8.29;27.14;890.0
364200.0;8.29;27.14;890.0
364500.0;8.29;27.14;890.0
364800.0;8.29;27.14;890.0
365100.0;8.29;27.14;890.0
365400.0;8.29;27.14;890.0
365700.0;9.09;27.14;890.0
366000.0;9.09;27.14;890.0
366300.0;9.09;27.14;890.0
366600.0;8.65;27.14;890.0
366900.0;8.65;27.14;890.0
367200.0;8.58;27.14;890.0
367500.0;8.44;27.14;890.0
367800.0;8.44;27.14;890.0
368100.0;8.44;27.14;890.0
368400.0;8.44;27.14;890.0
368700.0;8.44;27.14;890.0
369000.0;8.44;27.14;890.0
369300.0;8.37;27.14;890.0
369600.0;7.97;27.14;890.0
369900.0;7.97;27.14;890.0
370200.0;7.97;27.14;890.0
370500.0;7.97;27.14;890.0
370800.0;8.1;27.14;890.0
371100.0;7.95;27.14;890.0
371400.0;7.95;27.14;890.0
371700.0;7.95;27.14;890.0
372000.0;8.1;27.14;890.0
372300.0;8.1;27.14;890.0
372600.0;8.53;27.14;890.0
372900.0;8.36;27.14;890.0
373200.0;8.36;27.14;890.0
373500.0;8.36;27.14;890.0
373800.0;8.36;27.14;890.0
374100.0;8.35;27.14;890.0
374400.0;7.11;27.14;890.0
374700.0;7.11;27.14;890.0
375000.0;7.11;27.14;890.0
375300.0;7.11;27.14;890.0
375600.0;7.11;27.14;890.0
375900.0;7.59;27.14;890.0
376200.0;7.59;27.14;890.0
376500.0;7.59;27.14;890.0
376800.0;7.59;27.14;890.0
377100.0;7.59;27.14;890.0
377400.0;7.59;27.14;890.0
377700.0;7.11;27.14;890.0
378000.0;7.53;27.14;890.0
378300.0;7.53;27.14;890.0
378600.0;7.53;27.14;890.0
378900.0;7.53;27.14;890.0
379200.0;7.53;27.14;890.0
379500.0;7.53;27.14;890.0
379800.0;7.53;27.14;890.0
380100.0;7.53;27.14;890.0
380400.0;7.53;27.14;890.0
380700.0;7.61;27.14;890.0
381000.0;7.61;27.14;890.0
381300.0;7.61;27.14;890.0
381600.0;7.61;27.14;890.0
381900.0;7.61;27.14;890.0
382200.0;7.61;27.14;890.0
382500.0;7.61;27.14;890.0
382800.0;7.61;27.14;890.0
383100.0;7.58;27.14;890.0
383400.0;7.58;27.14;890.0
383700.0;7.58;27.14;890.0
384000.0;7.58;27.14;890.0
384300.0;7.58;27.14;890.0
384600.0;7.58;27.14;890.0
384900.0;7.58;27.14;890.0
385200.0;7.34;27.14;890.0
385500.0;7.34;27.14;890.0
385800.0;7.34;27.14;890.0
386100.0;7.34;27.14;890.0
386400.0;7.37;27.14;890.0
386700.0;7.37;27.14;890.0
387000.0;7.37;27.14;890.0
387300.0;6.7;27.14;890.0
387600.0;6.7;27.14;890.0
387900.0;6.7;27.14;890.0
388200.0;7.17;27.14;890.0
388500.0;7.17;27.14;890.0
388800.0;7.17;27.14;890.0
389100.0;7.17;27.14;890.0
389400.0;7.17;27.14;890.0
389700.0;7.17;27.14;890.0
390000.0;7.17;27.14;890.0
390300.0;7.17;27.14;890.0
390600.0;7.17;27.14;890.0
390900.0;6.92;27.14;890.0
391200.0;6.92;27.14;890.0
391500.0;6.95;27.14;890.0
391800.0;6.95;27.14;890.0
392100.0;6.95;27.14;890.0
392400.0;7.17;27.14;890.0
392700.0;7.17;27.14;890.0
393000.0;7.17;27.14;890.0
393300.0;7.14;27.14;890.0
393600.0;7.14;27.14;890.0
393900.0;7.14;27.14;890.0
394200.0;7.14;27.14;890.0
394500.0;7.11;27.14;890.0
394800.0;7.11;27.14;890.0
395100.0;7.11;27.14;890.0
395400.0;7.11;27.14;890.0
395700.0;7.11;27.14;890.0
396000.0;7.03;27.14;890.0
396300.0;7.03;27.14;890.0
396600.0;7.03;27.14;890.0
396900.0;7.03;27.14;890.0
397200.0;7.03;27.14;890.0
397500.0;7.03;27.14;890.0
397800.0;7.03;27.14;890.0
398100.0;6.76;27.14;890.0
398400.0;6.76;27.14;890.0
398700.0;6.76;27.14;890.0
399000.0;6.76;27.14;890.0
399300.0;6.76;27.14;890.0
399600.0;6.76;27.14;890.0
399900.0;6.73;27.14;890.0
400200.0;6.73;27.14;890.0
400500.0;6.73;27.14;890.0
400800.0;6.73;27.14;890.0
401100.0;6.73;27.14;890.0
401400.0;6.73;27.14;890.0
401700.0;6.73;27.14;890.0
402000.0;6.73;27.14;890.0
402300.0;6.73;27.14;890.0
402600.0;6.73;27.14;890.0
402900.0;6.73;27.14;890.0
403200.0;6.06;27.14;890.0
403500.0;6.06;27.14;890.0
403800.0;6.06;27.14;890.0
404100.0;6.06;27.14;890.0
404400.0;6.06;27.14;890.0
404700.0;6.06;27.14;890.0
405000.0;6.06;27.14;890.0
405300.0;6.21;27.14;890.0
405600.0;6.21;27.14;890.0
405900.0;6.21;27.14;890.0
406200.0;6.21;27.14;890.0
406500.0;6.21;27.14;890.0
406800.0;5.92;27.14;890.0
407100.0;5.92;27.14;890.0
407400.0;5.9;27.14;890.0
407700.0;5.9;27.14;890.0
408000.0;5.9;27.14;890.0
408300.0;5.9;27.14;890.0
408600.0;5.9;27.14;890.0
408900.0;6.19;27.14;890.0
409200.0;6.19;27.14;890.0
409500.0;6.19;27.14;890.0
409800.0;6.19;27.14;890.0
410100.0;6.19;27.14;890.0
410400.0;6.19;27.14;890.0
410700.0;6.19;27.14;890.0
411000.0;6.19;27.14;890.0
411300.0;6.19;27.14;890.0
411600.0;6.19;27.14;890.0
411900.0;6.19;27.14;890.0
412200.0;6.19;27.14;890.0
412500.0;5.9;27.14;890.0
412800.0;5.9;27.14;890.0
413100.0;5.9;27.14;890.0
413400.0;5.9;27.14;890.0
413700.0;5.9;27.14;890.0
414000.0;5.9;27.14;890.0
414300.0;5.9;27.14;890.0
414600.0;5.9;27.14;890.0
414900.0;5.9;27.14;890.0
415200.0;5.9;27.14;890.0
415500.0;5.9;27.14;890.0
415800.0;5.9;27.14;890.0
416100.0;6.19;27.14;890.0
416400.0;6.19;27.14;890.0
416700.0;6.19;27.14;890.0
417000.0;6.19;27.14;890.0
417300.0;6.19;27.14;890.0
417600.0;6.19;27.14;890.0
417900.0;6.19;27.14;890.0
418200.0;6.19;27.14;890.0
418500.0;6.19;27.14;890.0
418800.0;6.19;27.14;890.0
419100.0;6.19;27.14;890.0
419400.0;6.19;27.14;890.0
419700.0;6.19;27.14;890.0
420000.0;6.19;27.14;890.0
420300.0;6.19;27.14;890.0
420600.0;6.92;27.14;890.0
420900.0;6.92;27.14;890.0
421200.0;6.43;27.14;890.0
421500.0;6.43;27.14;890.0
421800.0;6.43;27.14;890.0
422100.0;6.43;27.14;890.0
422400.0;6.41;27.14;890.0
422700.0;6.41;27.14;890.0
423000.0;6.41;27.14;890.0
423300.0;6.41;27.14;890.0
423600.0;6.41;27.14;890.0
423900.0;6.41;27.14;890.0
424200.0;6.43;27.14;890.0
424500.0;6.43;27.14;890.0
424800.0;6.43;27.14;890.0
425100.0;6.43;27.14;890.0
425400.0;6.43;27.14;890.0
425700.0;6.43;27.14;890.0
426000.0;6.43;27.14;890.0
426300.0;6.43;27.14;890.0
426600.0;6.43;27.14;890.0
426900.0;5.55;27.14;890.0
427200.0;5.55;27.14;890.0
427500.0;5.57;27.14;890.0
427800.0;6.19;27.14;890.0
428100.0;6.19;27.14;890.0
428400.0;7.27;27.14;890.0
428700.0;7.3;27.14;890.0
429000.0;7.3;27.14;890.0
429300.0;7.3;27.14;890.0
429600.0;6.63;27.14;890.0
429900.0;6.64;27.14;890.0
430200.0;6.64;27.14;890.0
430500.0;7.36;27.14;890.0
430800.0;7.36;27.14;890.0
431100.0;7.36;27.14;890.0
431400.0;7.39;27.14;890.0
431700.0;7.39;27.14;890.0
432000.0;11.43;27.14;890.0
432300.0;11.43;27.14;890.0
432600.0;11.43;27.14;890.0
432900.0;11.42;27.14;890.0
433200.0;11.42;27.14;890.0
433500.0;11.24;27.14;890.0
433800.0;11.24;27.14;890.0
434100.0;11.24;27.14;890.0
434400.0;11.24;27.14;890.0
434700.0;11.23;27.14;890.0
435000.0;11.56;27.14;890.0
435300.0;11.55;27.14;890.0
435600.0;11.55;27.14;890.0
435900.0;11.55;27.14;890.0
436200.0;11.55;27.14;890.0
436500.0;11.55;27.14;890.0
436800.0;11.55;27.14;890.0
437100.0;11.25;27.14;890.0
437400.0;11.25;27.14;890.0
437700.0;11.25;27.14;890.0
438000.0;11.39;27.14;890.0
438300.0;11.4;27.14;890.0
438600.0;11.07;27.14;890.0
438900.0;11.22;27.14;890.0
439200.0;11.22;27.14;890.0
439500.0;11.22;27.14;890.0
439800.0;11.07;27.14;890.0
440100.0;11.08;27.14;890.0
440400.0;11.08;27.14;890.0
440700.0;11.18;27.14;890.0
441000.0;11.18;27.14;890.0
441300.0;11.18;27.14;890.0
441600.0;11.04;27.14;890.0
441900.0;11.04;27.14;890.0
442200.0;11.3;27.14;890.0
442500.0;11.45;27.14;890.0
442800.0;11.45;27.14;890.0
443100.0;11.45;27.14;890.0
443400.0;11.45;27.14;890.0
443700.0;11.45;27.14;890.0
444000.0;11.45;27.14;890.0
444300.0;11.59;27.14;890.0
444600.0;11.59;27.14;890.0
444900.0;11.59;27.14;890.0
445200.0;11.45;27.14;890.0
445500.0;11.45;27.14;890.0
445800.0;11.41;27.14;890.0
446100.0;11.41;27.14;890.0
446400.0;11.41;27.14;890.0
446700.0;11.41;27.14;890.0
447000.0;11.41;27.14;890.0
447300.0;11.4;27.14;890.0
447600.0;11.4;27.14;890.0
447900.0;11.06;27.14;890.0
448200.0;11.06;27.14;890.0
448500.0;11.06;27.14;890.0
448800.0;11.06;27.14;890.0
449100.0;11.05;27.14;890.0
449400.0;10.18;27.14;890.0
449700.0;10.18;27.14;890.0
450000.0;10.18;27.14;890.0
450300.0;10.18;27.14;890.0
450600.0;10.18;27.14;890.0
450900.0;10.52;27.14;890.0
451200.0;10.52;27.14;890.0
451500.0;9.75;27.14;890.0
451800.0;9.75;27.14;890.0
452100.0;9.75;27.14;890.0
452400.0;9.75;27.14;890.0
452700.0;9.75;27.14;890.0
453000.0;10.15;27.14;890.0
453300.0;10.15;27.14;890.0
453600.0;10.15;27.14;890.0
453900.0;10.15;27.14;890.0
454200.0;10.15;27.14;890.0
454500.0;10.15;27.14;890.0
454800.0;9.67;27.14;890.0
455100.0;9.5;27.14;890.0
455400.0;9.5;27.14;890.0
455700.0;9.5;27.14;890.0
456000.0;9.5;27.14;890.0
456300.0;9.5;27.14;890.0
456600.0;9.5;27.14;890.0
456900.0;9.5;27.14;890.0
457200.0;9.5;27.14;890.0
457500.0;9.5;27.14;890.0
457800.0;9.5;27.14;890.0
458100.0;9.5;27.14;890.0
458400.0;9.5;27.14;890.0
458700.0;9.14;27.14;890.0
459000.0;9.14;27.14;890.0
459300.0;9.14;27.14;890.0
459600.0;8.96;27.14;890.0
459900.0;8.96;27.14;890.0
460200.0;8.96;27.14;890.0
460500.0;8.96;27.14;890.0
460800.0;8.96;27.14;890.0
461100.0;8.96;27.14;890.0
461400.0;8.96;27.14;890.0
461700.0;8.96;27.14;890.0
462000.0;8.96;27.14;890.0
462300.0;8.54;27.14;890.0
462600.0;8.54;27.14;890.0
462900.0;8.54;27.14;890.0
463200.0;8.54;27.14;890.0
463500.0;8.54;27.14;890.0
463800.0;8.3;27.14;890.0
464100.0;8.3;27.14;890.0
464400.0;8.3;27.14;890.0
464700.0;8.3;27.14;890.0
465000.0;8.3;27.14;890.0
465300.0;8.3;27.14;890.0
465600.0;8.3;27.14;890.0
465900.0;8.54;27.14;890.0
466200.0;8.54;27.14;890.0
466500.0;8.54;27.14;890.0
466800.0;8.55;27.14;890.0
467100.0;8.55;27.14;890.0
467400.0;8.19;27.14;890.0
467700.0;8.19;27.14;890.0
468000.0;8.19;27.14;890.0
468300.0;8.19;27.14;890.0
468600.0;8.18;27.14;890.0
468900.0;8.18;27.14;890.0
469200.0;8.18;27.14;890.0
469500.0;8.18;27.14;890.0
469800.0;8.18;27.14;890.0
470100.0;8.18;27.14;890.0
470400.0;8.18;27.14;890.0
470700.0;8.18;27.14;890.0
471000.0;8.11;27.14;890.0
471300.0;8.11;27.14;890.0
471600.0;8.11;27.14;890.0
471900.0;8.11;27.14;890.0
472200.0;8.11;27.14;890.0
472500.0;8.11;27.14;890.0
472800.0;8.11;27.14;890.0
473100.0;7.94;27.14;890.0
473400.0;7.94;27.14;890.0
473700.0;7.94;27.14;890.0
474000.0;8.46;27.14;890.0
474300.0;7.94;27.14;890.0
474600.0;7.94;27.14;890.0
474900.0;7.94;27.14;890.0
475200.0;7.94;27.14;890.0
475500.0;7.94;27.14;890.0
475800.0;7.94;27.14;890.0
476100.0;7.94;27.14;890.0
476400.0;7.94;27.14;890.0
476700.0;7.94;27.14;890.0
477000.0;7.94;27.14;890.0
477300.0;7.94;27.14;890.0
477600.0;8.46;27.14;890.0
477900.0;8.46;27.14;890.0
478200.0;7.89;27.14;890.0
478500.0;7.89;27.14;890.0
478800.0;7.89;27.14;890.0
479100.0;7.89;27.14;890.0
479400.0;7.89;27.14;890.0
479700.0;7.89;27.14;890.0
480000.0;7.89;27.14;890.0
480300.0;7.89;27.14;890.0
480600.0;7.89;27.14;890.0
480900.0;7.89;27.14;890.0
481200.0;7.89;27.14;890.0
481500.0;7.89;27.14;890.0
481800.0;7.89;27.14;890.0
482100.0;7.89;27.14;890.0
482400.0;7.89;27.14;890.0
482700.0;7.89;27.14;890.0
483000.0;7.89;27.14;890.0
483300.0;7.89;27.14;890.0
483600.0;7.94;27.14;890.0
483900.0;7.94;27.14;890.0
484200.0;7.94;27.14;890.0
484500.0;7.94;27.14;890.0
484800.0;7.93;27.14;890.0
485100.0;7.93;27.14;890.0
485400.0;7.93;27.14;890.0
485700.0;7.93;27.14;890.0
486000.0;7.93;27.14;890.0
486300.0;7.93;27.14;890.0
486600.0;7.93;27.14;890.0
486900.0;7.93;27.14;890.0
487200.0;8.65;27.14;890.0
487500.0;8.65;27.14;890.0
487800.0;8.65;27.14;890.0
488100.0;8.65;27.14;890.0
488400.0;8.66;27.14;890.0
488700.0;8.66;27.14;890.0
489000.0;8.66;27.14;890.0
489300.0;8.66;27.14;890.0
489600.0;8.66;27.14;890.0
489900.0;8.66;27.14;890.0
490200.0;8.66;27.14;890.0
490500.0;8.66;27.14;890.0
490800.0;8.45;27.14;890.0
491100.0;8.45;27.14;890.0
491400.0;8.45;27.14;890.0
491700.0;8.45;27.14;890.0
492000.0;8.52;27.14;890.0
492300.0;8.45;27.14;890.0
492600.0;7.53;27.14;890.0
492900.0;7.93;27.14;890.0
493200.0;7.93;27.14;890.0
493500.0;7.93;27.14;890.0
493800.0;7.93;27.14;890.0
494100.0;7.84;27.14;890.0
494400.0;8.04;27.14;890.0
494700.0;8.04;27.14;890.0
495000.0;8.04;27.14;890.0
495300.0;8.92;27.14;890.0
495600.0;8.92;27.14;890.0
495900.0;8.92;27.14;890.0
496200.0;8.2;27.14;890.0
496500.0;8.2;27.14;890.0
496800.0;8.2;27.14;890.0
497100.0;8.2;27.14;890.0
497400.0;8.2;27.14;890.0
497700.0;8.2;27.14;890.0
498000.0;8.59;27.14;890.0
498300.0;8.59;27.14;890.0
498600.0;8.59;27.14;890.0
498900.0;8.61;27.14;890.0
499200.0;8.75;27.14;890.0
499500.0;8.75;27.14;890.0
499800.0;8.97;27.14;890.0
500100.0;8.97;27.14;890.0
500400.0;8.97;27.14;890.0
500700.0;9.11;27.14;890.0
501000.0;9.11;27.14;890.0
501300.0;9.11;27.14;890.0
501600.0;9.76;27.14;890.0
501900.0;9.76;27.14;890.0
502200.0;9.79;27.14;890.0
502500.0;9.79;27.14;890.0
502800.0;9.82;27.14;890.0
503100.0;9.82;27.14;890.0
503400.0;10.21;27.14;890.0
503700.0;10.21;27.14;890.0
504000.0;9.67;27.14;890.0
504300.0;9.56;27.14;890.0
504600.0;9.56;27.14;890.0
504900.0;9.56;27.14;890.0
505200.0;9.91;27.14;890.0
505500.0;10.59;27.14;890.0
505800.0;10.59;27.14;890.0
506100.0;10.59;27.14;890.0
506400.0;10.6;27.14;890.0
506700.0;10.68;27.14;890.0
507000.0;10.68;27.14;890.0
507300.0;10.68;27.14;890.0
507600.0;10.68;27.14;890.0
507900.0;10.68;27.14;890.0
508200.0;10.69;27.14;890.0
508500.0;10.69;27.14;890.0
508800.0;10.96;27.14;890.0
509100.0;10.96;27.14;890.0
509400.0;10.96;27.14;890.0
509700.0;10.96;27.14;890.0
510000.0;10.96;27.14;890.0
510300.0;11.45;27.14;890.0
510600.0;11.45;27.14;890.0
510900.0;11.45;27.14;890.0
511200.0;11.45;27.14;890.0
511500.0;11.12;27.14;890.0
511800.0;11.12;27.14;890.0
512100.0;11.12;27.14;890.0
512400.0;11.54;27.14;890.0
512700.0;11.54;27.14;890.0
513000.0;11.54;27.14;890.0
513300.0;11.4;27.14;890.0
513600.0;11.4;27.14;890.0
513900.0;12.08;27.14;890.0
514200.0;12.08;27.14;890.0
514500.0;12.08;27.14;890.0
514800.0;12.08;27.14;890.0
515100.0;12.08;27.14;890.0
515400.0;12.08;27.14;890.0
515700.0;12.08;27.14;890.0
516000.0;12.14;27.14;890.0
516300.0;12.14;27.14;890.0
516600.0;12.14;27.14;890.0
516900.0;12.14;27.14;890.0
517200.0;12.14;27.14;890.0
517500.0;11.73;27.14;890.0
517800.0;11.73;27.14;890.0
518100.0;11.73;27.14;890.0
518400.0;5.89;27.14;890.0
518700.0;6.01;27.14;890.0
519000.0;6.01;27.14;890.0
519300.0;6.01;27.14;890.0
519600.0;6.01;27.14;890.0
519900.0;6.01;27.14;890.0
520200.0;6.02;27.14;890.0
520500.0;6.02;27.14;890.0
520800.0;6.58;27.14;890.0
521100.0;6.58;27.14;890.0
521400.0;6.58;27.14;890.0
521700.0;6.58;27.14;890.0
522000.0;6.58;27.14;890.0
522300.0;7.07;27.14;890.0
522600.0;6.8;27.14;890.0
522900.0;6.8;27.14;890.0
523200.0;6.8;27.14;890.0
523500.0;6.8;27.14;890.0
523800.0;6.8;27.14;890.0
524100.0;6.8;27.14;890.0
524400.0;7.23;27.14;890.0
524700.0;7.23;27.14;890.0
525000.0;7.23;27.14;890.0
525300.0;7.23;27.14;890.0
525600.0;7.23;27.14;890.0
525900.0;6.22;27.14;890.0
526200.0;6.05;27.14;890.0
526500.0;6.05;27.14;890.0
526800.0;6.05;27.14;890.0
527100.0;6.22;27.14;890.0
527400.0;6.22;27.14;890.0
527700.0;6.22;27.14;890.0
528000.0;7.08;27.14;890.0
528300.0;7.08;27.14;890.0
528600.0;7.08;27.14;890.0
528900.0;7.08;27.14;890.0
529200.0;7.75;27.14;890.0
529500.0;7.28;27.14;890.0
529800.0;6.74;27.14;890.0
530100.0;6.74;27.14;890.0
530400.0;6.74;27.14;890.0
530700.0;7.28;27.14;890.0
531000.0;7.28;27.14;890.0
531300.0;7.28;27.14;890.0
531600.0;6.3;27.14;890.0
531900.0;6.3;27.14;890.0
532200.0;6.3;27.14;890.0
532500.0;6.3;27.14;890.0
532800.0;6.29;27.14;890.0
533100.0;6.02;27.14;890.0
533400.0;5.84;27.14;890.0
533700.0;5.84;27.14;890.0
534000.0;5.84;27.14;890.0
534300.0;5.84;27.14;890.0
534600.0;5.84;27.14;890.0
534900.0;5.84;27.14;890.0
535200.0;6.09;27.14;890.0
535500.0;6.09;27.14;890.0
535800.0;6.09;27.14;890.0
536100.0;6.09;27.14;890.0
536400.0;6.09;27.14;890.0
536700.0;6.04;27.14;890.0
537000.0;6.04;27.14;890.0
537300.0;6.04;27.14;890.0
537600.0;6.04;27.14;890.0
537900.0;5.87;27.14;890.0
538200.0;5.87;27.14;890.0
538500.0;5.87;27.14;890.0
538800.0;5.68;27.14;890.0
539100.0;5.68;27.14;890.0
539400.0;5.68;27.14;890.0
539700.0;5.68;27.14;890.0
540000.0;5.68;27.14;890.0
540300.0;6.28;27.14;890.0
540600.0;5.85;27.14;890.0
540900.0;5.85;27.14;890.0
541200.0;5.85;27.14;890.0
541500.0;5.85;27.14;890.0
541800.0;5.85;27.14;890.0
542100.0;5.85;27.14;890.0
542400.0;7.13;27.14;890.0
542700.0;7.13;27.14;890.0
543000.0;7.13;27.14;890.0
543300.0;7.13;27.14;890.0
543600.0;7.13;27.14;890.0
543900.0;6.3;27.14;890.0
544200.0;6.12;27.14;890.0
544500.0;6.12;27.14;890.0
544800.0;6.12;27.14;890.0
545100.0;6.12;27.14;890.0
545400.0;6.12;27.14;890.0
545700.0;6.12;27.14;890.0
546000.0;6.12;27.14;890.0
546300.0;6.12;27.14;890.0
546600.0;6.12;27.14;890.0
546900.0;6.12;27.14;890.0
547200.0;6.11;27.14;890.0
547500.0;6.11;27.14;890.0
547800.0;6.49;27.14;890.0
548100.0;6.49;27.14;890.0
548400.0;6.49;27.14;890.0
548700.0;6.35;27.14;890.0
549000.0;6.35;27.14;890.0
549300.0;5.82;27.14;890.0
549600.0;5.82;27.14;890.0
549900.0;5.82;27.14;890.0
550200.0;5.82;27.14;890.0
550500.0;5.81;27.14;890.0
550800.0;5.81;27.14;890.0
551100.0;5.65;27.14;890.0
551400.0;5.65;27.14;890.0
551700.0;5.65;27.14;890.0
552000.0;5.65;27.14;890.0
552300.0;5.65;27.14;890.0
552600.0;5.65;27.14;890.0
552900.0;5.65;27.14;890.0
553200.0;5.75;27.14;890.0
553500.0;5.75;27.14;890.0
553800.0;5.75;27.14;890.0
554100.0;5.9;27.14;890.0
554400.0;5.9;27.14;890.0
554700.0;5.89;27.14;890.0
555000.0;5.89;27.14;890.0
555300.0;5.89;27.14;890.0
555600.0;5.89;27.14;890.0
555900.0;5.75;27.14;890.0
556200.0;5.75;27.14;890.0
556500.0;5.75;27.14;890.0
556800.0;5.84;27.14;890.0
557100.0;5.84;27.14;890.0
557400.0;5.84;27.14;890.0
557700.0;5.7;27.14;890.0
558000.0;5.7;27.14;890.0
558300.0;5.44;27.14;890.0
558600.0;5.44;27.14;890.0
558900.0;5.44;27.14;890.0
559200.0;5.44;27.14;890.0
559500.0;5.44;27.14;890.0
559800.0;5.44;27.14;890.0
560100.0;5.44;27.14;890.0
560400.0;5.39;27.14;890.0
560700.0;5.39;27.14;890.0
561000.0;5.39;27.14;890.0
561300.0;5.4;27.14;890.0
561600.0;5.4;27.14;890.0
561900.0;5.3;27.14;890.0
562200.0;4.88;27.14;890.0
562500.0;4.88;27.14;890.0
562800.0;4.88;27.14;890.0
563100.0;4.88;27.14;890.0
563400.0;4.88;27.14;890.0
563700.0;5.38;27.14;890.0
564000.0;5.38;27.14;890.0
564300.0;5.38;27.14;890.0
564600.0;5.38;27.14;890.0
564900.0;5.38;27.14;890.0
565200.0;5.38;27.14;890.0
565500.0;5.38;27.14;890.0
565800.0;5.38;27.14;890.0
566100.0;5.38;27.14;890.0
566400.0;5.38;27.14;890.0
566700.0;5.38;27.14;890.0
567000.0;5.38;27.14;890.0
567300.0;5.38;27.14;890.0
567600.0;5.38;27.14;890.0
567900.0;5.38;27.14;890.0
568200.0;5.38;27.14;890.0
568500.0;5.5;27.14;890.0
568800.0;5.5;27.14;890.0
569100.0;5.5;27.14;890.0
569400.0;5.5;27.14;890.0
569700.0;5.38;27.14;890.0
570000.0;5.38;27.14;890.0
570300.0;5.38;27.14;890.0
570600.0;5.38;27.14;890.0
570900.0;5.38;27.14;890.0
571200.0;5.38;27.14;890.0
571500.0;5.38;27.14;890.0
571800.0;5.38;27.14;890.0
572100.0;5.52;27.14;890.0
572400.0;5.35;27.14;890.0
572700.0;5.29;27.14;890.0
573000.0;5.29;27.14;890.0
573300.0;5.29;27.14;890.0
573600.0;5.29;27.14;890.0
573900.0;5.15;27.14;890.0
574200.0;5.15;27.14;890.0
574500.0;5.8;27.14;890.0
574800.0;5.8;27.14;890.0
575100.0;5.8;27.14;890.0
575400.0;5.8;27.14;890.0
575700.0;5.81;27.14;890.0
576000.0;5.81;27.14;890.0
576300.0;5.87;27.14;890.0
576600.0;5.87;27.14;890.0
576900.0;5.87;27.14;890.0
577200.0;5.87;27.14;890.0
577500.0;5.86;27.14;890.0
577800.0;5.86;27.14;890.0
578100.0;5.42;27.14;890.0
578400.0;5.89;27.14;890.0
578700.0;5.89;27.14;890.0
579000.0;5.89;27.14;890.0
579300.0;5.42;27.14;890.0
579600.0;5.42;27.14;890.0
579900.0;5.76;27.14;890.0
580200.0;5.62;27.14;890.0
580500.0;5.62;27.14;890.0
580800.0;5.62;27.14;890.0
581100.0;5.61;27.14;890.0
581400.0;5.61;27.14;890.0
581700.0;5.21;27.14;890.0
582000.0;5.21;27.14;890.0
582300.0;5.21;27.14;890.0
582600.0;5.21;27.14;890.0
582900.0;5.21;27.14;890.0
583200.0;5.21;27.14;890.0
583500.0;5.51;27.14;890.0
583800.0;5.51;27.14;890.0
584100.0;5.51;27.14;890.0
584400.0;5.51;27.14;890.0
584700.0;5.51;27.14;890.0
585000.0;5.51;27.14;890.0
585300.0;5.2;27.14;890.0
585600.0;5.2;27.14;890.0
585900.0;5.2;27.14;890.0
586200.0;5.2;27.14;890.0
586500.0;5.2;27.14;890.0
586800.0;5.2;27.14;890.0
587100.0;5.2;27.14;890.0
587400.0;5.2;27.14;890.0
587700.0;5.2;27.14;890.0
588000.0;5.2;27.14;890.0
588300.0;5.2;27.14;890.0
588600.0;5.2;27.14;890.0
588900.0;5.21;27.14;890.0
589200.0;5.21;27.14;890.0
589500.0;5.21;27.14;890.0
589800.0;5.21;27.14;890.0
590100.0;5.21;27.14;890.0
590400.0;5.21;27.14;890.0
590700.0;5.21;27.14;890.0
591000.0;5.21;27.14;890.0
591300.0;5.21;27.14;890.0
591600.0;5.21;27.14;890.0
591900.0;5.21;27.14;890.0
592200.0;5.21;27.14;890.0
592500.0;5.21;27.14;890.0
592800.0;5.21;27.14;890.0
593100.0;5.21;27.14;890.0
593400.0;5.21;27.14;890.0
593700.0;5.21;27.14;890.0
594000.0;5.21;27.14;890.0
594300.0;5.36;27.14;890.0
594600.0;5.36;27.14;890.0
594900.0;5.36;27.14;890.0
595200.0;5.36;27.14;890.0
595500.0;5.36;27.14;890.0
595800.0;5.36;27.14;890.0
596100.0;5.81;27.14;890.0
596400.0;5.81;27.14;890.0
596700.0;5.81;27.14;890.0
597000.0;5.81;27.14;890.0
597300.0;5.81;27.14;890.0
597600.0;5.4;27.14;890.0
597900.0;5.87;27.14;890.0
598200.0;5.87;27.14;890.0
598500.0;5.87;27.14;890.0
598800.0;5.55;27.14;890.0
599100.0;5.55;27.14;890.0
599400.0;5.55;27.14;890.0
599700.0;6.37;27.14;890.0
600000.0;6.37;27.14;890.0
600300.0;6.37;27.14;890.0
600600.0;6.37;27.14;890.0
600900.0;6.37;27.14;890.0
601200.0;6.6;27.14;890.0
601500.0;6.6;27.14;890.0
601800.0;6.6;27.14;890.0
602100.0;6.6;27.14;890.0
602400.0;6.6;27.14;890.0
602700.0;6.6;27.14;890.0
603000.0;6.6;27.14;890.0
603300.0;6.82;27.14;890.0
603600.0;6.82;27.14;890.0
603900.0;6.82;27.14;890.0
604200.0;6.82;27.14;890.0
604500.0;6.83;27.14;890.0
604800.0;6.83;27.14;890.0
